density,pH,sulphates,alcohol,id
0.9962,3.15,0.34,10.5,0
0.99782,3.14,0.4,8.8,1
0.9976,3.07,0.52,9.6,2
0.99535,3.17,0.43,10.0,3
0.99026,2.8,0.55,12.0,4
0.9947,3.32,0.56,11.0,5
0.9931,3.16,0.59,11.0,6
0.9959,3.13,0.4,8.9,7
0.99272,2.83,0.36,10.0,8
0.99665,3.17,0.39,10.9,9
0.997,3.22,0.59,9.5,10
0.9926,3.33,0.64,10.7,11
0.99556,3.17,0.47,9.4,12
0.9964,3.19,0.55,9.0,13
0.99394,3.45,0.63,10.6,14
0.9998,3.32,0.39,8.7,15
0.9986,3.44,0.47,9.5,16
0.9976,3.19,0.44,8.8,17
0.99712,3.47,0.48,9.1,18
100.014,3.02,0.56,9.1,19
0.99946,3.13,0.62,9.3,20
0.99397,3.21,0.4,10.7,21
0.99438,3.26,0.41,9.5,22
0.9918,3.17,0.64,12.2,23
0.9944,3.1,0.45,9.6,24
0.9943,3.38,0.44,11.0,25
0.994,2.99,0.32,11.0,26
0.993,3.38,0.51,9.7,27
0.9979,3.09,0.44,9.0,28
0.9976,3.03,0.49,10.2,29
0.9942,3.4,0.39,9.7,30
0.9917,3.48,0.44,10.7,31
0.995,3.28,0.38,9.4,32
0.991,2.99,0.41,12.3,33
0.99114,3.06,0.52,10.6,34
0.9895,3.39,0.43,12.7,35
0.98931,3.2,0.36,12.0,36
0.9936,3.4,0.42,11.4,37
0.9908,3.25,0.65,12.4,38
100.196,3.01,0.44,8.5,39
0.99151,2.96,0.39,12.5,40
0.9982,3.23,0.51,9.3,41
0.99095,3.05,0.62,11.2,42
0.99404,3.24,0.58,11.0,43
0.9986,3.04,0.46,8.9,44
0.9912,3.32,0.59,11.5,45
0.9984,3.06,0.45,9.1,46
0.9911,3.19,0.42,11.8,47
0.9961,3.38,0.53,10.5,48
0.9929,3.26,0.53,10.4,49
0.9934,3.12,0.32,11.5,50
0.9922,3.01,0.33,12.0,51
0.9931,2.98,0.41,11.4,52
0.9939,3.24,0.52,9.1,53
0.9918,3.28,0.37,10.1,54
0.98964,3.22,0.57,13.1,55
0.992,3.25,0.4,11.3,56
10.002,3.22,0.5,9.7,57
0.99666,3.09,0.54,9.2,58
0.9944,3.13,0.5,10.4,59
0.9916,3.12,0.59,12.0,60
0.99825,2.9,0.44,8.7,61
0.9927,3.23,0.5,10.7,62
0.99596,3.28,0.57,10.4,63
0.99165,3.16,0.44,11.3,64
0.9986,3.1,0.5,9.2,65
0.9929,3.17,0.51,9.6,66
0.99388,3.16,0.37,10.0,67
0.98986,3.36,0.33,12.8,68
0.99556,3.16,0.49,9.6,69
0.99942,2.95,0.75,8.8,70
0.9957,3.12,0.47,9.0,71
0.9959,3.1,0.47,9.0,72
0.9948,3.03,0.49,12.0,73
0.99495,3.18,0.46,9.7,74
0.99462,3.48,0.57,10.7,75
0.99482,3.22,0.38,10.8,76
0.99583,3.2,0.49,9.3,77
0.99249,2.95,0.39,10.1,78
100.051,3.05,0.5,9.2,79
0.9931,3.16,0.53,10.0,80
0.99907,3.06,0.68,9.5,81
0.992,3.5,0.35,10.6,82
0.99526,3.26,0.35,10.8,83
0.99328,3.09,0.37,9.8,84
0.9914,3.14,0.51,11.4,85
0.9983,3.18,0.61,9.3,86
0.99754,3.08,0.49,9.4,87
0.99542,3.23,0.48,9.5,88
0.9925,3.32,0.47,9.1,89
0.9934,3.21,0.5,9.4,90
0.99138,3.09,0.45,11.2,91
0.98914,3.4,0.56,12.6,92
0.99048,3.12,0.38,12.6,93
0.9955,3.2,0.51,9.6,94
0.99815,3.27,0.29,9.2,95
0.9953,3.24,0.38,9.8,96
0.99338,3.38,0.56,10.1,97
0.98926,3.24,0.36,12.3,98
0.9964,3.22,0.6,9.2,99
0.9912,3.27,0.48,11.0,100
0.9938,3.12,0.42,10.7,101
0.9927,3.32,0.62,10.8,102
0.99221,3.22,0.58,10.9,103
0.997,3.24,0.44,9.5,104
0.9982,3.06,0.6,9.5,105
0.99166,3.1,0.38,10.2,106
0.99112,3.28,0.53,11.8,107
0.99164,3.27,0.54,11.2,108
0.992,3.27,0.64,11.0,109
0.99269,3.24,0.48,11.0,110
0.9968,3.28,0.5,10.2,111
0.9928,3.17,0.51,10.9,112
0.9954,2.99,0.57,10.4,113
0.99194,3.27,0.48,11.2,114
0.99052,3.18,0.67,12.4,115
0.9923,3.0,0.31,10.1,116
0.99064,3.26,0.39,11.7,117
0.99592,3.19,0.54,10.6,118
0.992,3.38,0.49,12.2,119
100.037,3.1,0.48,9.2,120
0.99055,3.28,0.48,12.5,121
0.99626,3.19,0.51,9.8,122
0.99378,3.24,0.48,9.9,123
0.99835,3.04,0.54,9.0,124
0.99026,3.08,0.47,12.4,125
0.9904,3.19,0.38,11.3,126
0.989,3.32,0.47,12.9,127
0.99212,3.16,0.33,11.2,128
0.9936,3.18,0.5,9.9,129
0.98958,3.12,0.4,12.1,130
0.9924,3.31,0.57,10.9,131
0.9927,3.33,0.33,10.1,132
0.993,2.79,0.37,10.1,133
0.99388,3.13,0.49,11.0,134
0.99315,3.44,0.46,12.4,135
0.99428,3.18,0.5,9.3,136
0.9933,3.49,0.58,10.0,137
0.99455,3.35,0.47,10.5,138
0.9938,2.95,0.4,9.4,139
0.9918,2.98,0.39,13.3,140
0.9938,3.09,0.43,9.3,141
0.99884,3.13,0.45,8.6,142
0.99206,3.2,0.47,11.8,143
0.98876,3.16,0.4,13.4,144
0.99142,3.29,0.39,10.5,145
0.99388,3.16,0.37,10.0,146
0.99336,3.47,0.5,11.0,147
0.99441,3.16,0.49,9.8,148
0.99032,3.4,0.44,12.2,149
0.98948,3.19,0.5,12.3,150
0.9968,3.14,0.43,9.9,151
0.99051,3.31,0.45,11.6,152
0.993,3.0,0.38,9.8,153
0.98938,3.06,0.44,11.8,154
0.9934,3.03,0.43,9.2,155
0.9974,3.2,0.53,10.0,156
0.99089,3.25,0.75,11.3,157
0.99677,3.22,0.49,10.3,158
0.9966,3.21,0.39,9.6,159
0.992,3.18,0.44,11.2,160
0.99294,2.96,0.56,11.0,161
0.99114,3.38,0.51,12.0,162
0.9976,3.34,0.51,9.6,163
0.9997,3.38,0.6,9.2,164
0.99755,2.9,0.46,9.0,165
0.99142,3.23,0.49,12.2,166
0.99304,3.35,0.61,10.4,167
0.99214,3.07,0.52,9.8,168
0.99655,3.14,0.52,9.4,169
0.99174,3.0,0.55,11.4,170
0.99705,3.16,0.5,9.6,171
0.99466,3.38,0.46,10.0,172
0.99036,3.08,0.49,12.7,173
0.9914,3.25,0.55,11.4,174
0.99474,3.36,0.37,10.4,175
0.9947,3.4,0.34,10.7,176
0.997,3.17,0.59,9.7,177
0.99076,3.32,0.44,11.1,178
0.992,3.0,0.55,11.3,179
0.996,3.16,0.5,9.3,180
0.98961,3.36,0.37,12.7,181
0.9898,3.28,0.36,12.7,182
0.98944,3.03,0.33,12.9,183
0.99097,3.44,0.44,11.45,184
0.9941,3.26,0.37,11.2,185
0.99611,3.11,0.58,9.9,186
0.991,3.34,0.5,11.0,187
0.99564,3.4,0.38,10.8,188
0.99454,3.19,0.7,10.4,189
0.99413,3.03,0.38,9.3,190
0.9899,3.01,0.68,12.0,191
0.99305,3.12,0.7,10.4,192
0.99335,3.35,0.66,11.1,193
0.9922,3.17,0.38,10.0,194
0.9928,3.19,0.46,11.5,195
0.99684,3.16,0.43,10.3,196
0.99652,3.2,0.42,9.2,197
0.99382,3.08,0.35,11.6,198
0.98966,3.26,0.58,13.1,199
0.99132,3.14,0.61,11.8,200
0.9927,3.19,0.45,9.5,201
0.99827,3.11,0.48,9.0,202
0.995,3.36,0.48,9.8,203
0.99129,3.16,0.44,12.4,204
0.99366,3.17,0.38,10.2,205
0.9999,3.22,0.42,8.8,206
0.99596,3.34,0.5,9.9,207
0.993,3.16,0.71,11.4,208
0.99229,3.07,0.67,10.1,209
0.98964,3.32,0.42,12.5,210
0.9975,3.23,0.48,9.1,211
0.9927,3.19,0.33,9.8,212
0.99502,3.12,0.45,9.6,213
0.9945,3.34,0.43,9.6,214
0.99551,3.16,0.51,9.5,215
0.9992,3.09,0.52,9.6,216
0.999,3.14,0.46,8.9,217
0.99587,3.31,0.59,10.4,218
0.99907,3.06,0.68,9.5,219
0.9962,3.4,0.41,9.4,220
0.99202,2.88,0.54,10.5,221
0.9981,3.11,0.49,9.3,222
0.9975,3.2,0.33,11.0,223
0.9903,3.34,0.59,12.8,224
0.9958,3.13,0.45,8.9,225
0.99102,2.98,0.53,11.8,226
0.9932,3.4,0.47,10.7,227
0.9923,3.23,0.52,11.8,228
0.99164,2.93,0.41,13.6,229
0.9966,3.11,0.57,9.7,230
0.9982,3.46,0.72,10.0,231
0.9966,3.4,0.58,11.0,232
0.9956,3.24,0.43,9.2,233
0.99386,3.1,0.57,12.9,234
0.9942,3.22,0.38,9.8,235
0.9931,3.16,0.35,10.3,236
0.99226,3.14,0.47,9.8,237
0.995,3.2,0.39,9.6,238
0.9937,3.29,0.45,10.0,239
100.014,3.1,0.5,9.3,240
0.996,3.37,0.74,10.8,241
0.99044,2.94,0.35,12.0,242
0.99199,3.43,0.48,11.1,243
0.9925,3.27,0.45,12.2,244
0.99309,3.24,0.5,9.6,245
0.9953,3.22,0.56,10.5,246
0.99687,3.11,0.29,9.7,247
0.99281,3.22,0.6,11.0,248
0.9904,3.29,0.54,12.5,249
0.99356,3.18,0.37,11.2,250
0.9943,3.1,0.3,11.2,251
0.99468,3.1,0.55,10.8,252
0.99346,3.5,0.47,10.0,253
0.99148,3.3,0.36,10.5,254
0.993,3.5,0.54,10.3,255
0.9912,3.32,0.59,11.5,256
0.9938,3.25,0.43,10.8,257
0.99322,3.41,0.64,11.8,258
0.9985,3.21,0.6,9.2,259
10.002,3.14,0.38,8.7,260
1.0,3.42,0.35,9.1,261
0.99574,3.04,0.56,10.0,262
0.9948,3.2,0.54,10.0,263
0.9955,3.16,0.45,9.6,264
0.9912,3.38,0.38,12.3,265
0.9922,3.19,0.46,10.0,266
0.9931,3.11,0.38,10.2,267
0.9972,3.34,0.45,9.5,268
0.99148,2.91,0.23,12.2,269
0.9932,3.38,0.35,12.0,270
0.9938,3.13,0.38,12.3,271
0.9928,2.96,0.4,11.5,272
0.9957,3.3,0.49,10.1,273
0.99542,3.23,0.48,9.5,274
0.9922,3.26,0.6,10.8,275
0.995,3.2,0.41,9.9,276
0.99176,3.3,0.73,11.4,277
0.9904,3.12,0.42,11.2,278
0.99418,3.22,0.49,9.9,280
0.996,3.23,0.37,9.2,281
0.9934,3.03,0.38,9.0,282
0.9948,3.05,0.54,11.1,283
0.9924,3.23,0.44,11.8,284
0.98894,3.22,0.53,13.5,285
0.9942,3.08,0.45,9.1,286
0.99884,3.26,0.57,9.4,287
0.99455,3.25,0.54,11.0,288
0.9986,3.31,0.55,9.3,289
0.9944,3.28,0.48,9.5,290
0.9961,3.13,0.47,8.9,291
0.99898,3.18,0.49,9.7,292
0.99207,3.13,0.45,10.2,293
0.9923,3.24,0.33,10.5,294
0.99666,2.88,0.36,9.0,295
0.99352,3.46,0.45,9.9,296
0.99304,3.09,0.54,9.3,297
0.9934,3.18,0.55,9.9,298
0.9958,3.15,0.45,8.9,299
0.9906,3.07,0.46,12.5,300
0.99644,3.16,0.49,9.1,301
0.99129,3.02,0.53,11.4,302
0.9903,3.01,0.33,12.4,303
0.9906,3.1,0.71,12.3,304
0.9951,3.1,0.47,10.6,305
0.9935,3.08,0.59,11.3,306
0.99573,3.14,0.5,10.2,308
0.98914,2.96,0.36,12.5,309
0.98953,3.24,0.37,12.0,310
0.9989,3.18,0.64,9.1,311
0.99225,3.39,0.69,10.9,312
0.9942,3.16,0.67,10.2,313
0.99946,3.23,0.43,8.8,314
0.9934,3.37,0.54,9.4,315
0.9982,3.04,0.5,9.2,316
0.99775,3.17,0.43,9.5,317
0.9925,3.3,0.47,12.4,318
0.9972,3.3,0.36,8.9,319
0.9927,2.99,0.28,11.5,320
0.9937,3.24,0.4,11.5,321
0.9906,3.04,0.53,12.5,322
0.99792,2.94,0.45,9.1,323
0.992,3.13,0.57,12.3,324
0.99144,3.21,0.43,12.1,325
0.99954,2.93,0.52,9.1,326
0.99132,3.1,0.58,11.2,327
0.9914,2.88,0.38,10.8,328
0.998,3.02,0.5,9.1,329
0.99282,3.21,0.6,11.0,330
0.9906,3.28,0.4,11.8,331
0.99207,3.13,0.45,10.2,332
0.99,3.29,0.62,12.6,333
0.99195,3.13,0.41,10.5,334
0.9955,3.14,0.35,11.3,335
0.99456,3.4,0.39,10.5,336
0.9934,3.34,0.58,10.1,337
0.9923,3.49,0.42,11.4,338
0.9902,3.2,0.38,11.5,339
0.9994,3.34,0.67,8.8,340
0.9953,3.18,0.4,10.6,341
0.9982,3.1,0.46,9.0,342
0.99407,3.11,0.42,11.8,343
0.98984,2.87,0.48,11.2,344
0.9927,3.13,0.42,9.3,345
0.99439,3.02,0.34,11.8,346
0.9937,3.34,0.64,10.9,347
0.99434,3.23,0.64,9.8,348
0.98978,3.07,0.45,12.0,349
0.9938,3.23,0.46,10.4,350
0.99092,3.06,0.46,10.5,351
0.99505,3.12,0.4,8.9,352
0.9912,3.32,0.41,11.6,353
0.9957,3.27,0.57,10.1,354
0.98892,3.41,0.41,12.9,355
0.9934,3.23,0.52,9.2,356
0.99296,3.22,0.46,11.0,357
0.9906,3.19,0.48,11.3,358
0.9939,3.16,0.52,11.7,359
0.9929,3.15,0.69,11.4,360
0.99373,3.02,0.53,9.4,361
0.99462,3.48,0.57,10.7,362
0.989435,2.96,0.61,12.0,363
0.9928,3.19,0.35,11.5,364
0.999,3.14,0.46,8.9,365
0.9949,3.46,0.45,10.0,366
0.99665,3.2,0.38,10.5,367
0.9938,3.05,0.37,10.1,368
0.994,3.3,0.49,9.5,369
0.99012,3.27,0.36,13.5,370
0.994,3.23,0.67,10.3,371
0.9927,3.07,0.25,12.7,372
0.99858,3.18,0.51,9.2,373
0.9912,3.31,0.65,12.0,374
0.99863,3.16,0.71,9.4,375
0.9936,3.21,0.41,9.5,376
0.99272,3.14,0.41,12.4,377
0.99192,3.19,0.71,12.1,378
0.9951,2.94,0.31,9.6,379
0.9952,3.22,0.62,9.9,380
0.9972,3.28,0.39,9.4,382
0.9978,3.23,0.5,9.6,383
0.99385,3.36,0.57,10.9,384
0.9941,3.26,0.37,11.2,385
0.994,3.21,0.55,9.9,386
0.9947,3.21,0.36,11.5,387
0.9947,3.21,0.36,11.5,388
0.9901,3.03,0.39,11.4,389
0.99532,3.14,0.42,10.2,390
0.99084,3.38,0.35,11.5,391
0.99107,3.16,0.42,11.3,392
0.9899,3.35,0.35,11.5,393
0.9974,3.52,0.58,9.7,394
0.99455,3.5,0.52,10.4,395
0.99563,3.12,0.46,10.8,396
0.98889,2.96,0.35,13.0,397
0.9994,3.24,0.66,9.0,398
0.993,3.1,0.39,10.5,399
100.118,3.39,0.53,9.1,400
0.9984,2.9,0.43,8.7,401
0.9907,3.23,0.47,12.5,402
0.98912,3.31,0.38,13.0,403
0.99119,3.16,0.62,9.7,404
0.9928,3.33,0.34,9.9,405
0.9907,3.14,0.73,11.2,406
0.99382,3.53,0.66,10.5,407
0.9936,3.13,0.38,12.3,408
0.99093,3.08,0.43,11.9,409
0.98916,3.41,0.55,12.7,410
0.99663,3.14,0.4,9.5,411
0.9938,3.3,0.69,10.4,412
0.99422,3.08,0.47,9.5,413
0.99512,3.21,0.36,9.4,414
0.9943,3.1,0.42,10.5,415
0.99792,2.96,0.39,9.0,416
0.99321,3.14,0.52,10.9,417
0.99705,3.24,0.52,10.5,418
0.9969,3.14,0.46,10.3,419
0.99976,3.22,0.75,8.9,420
0.994,3.39,0.37,10.6,421
0.9905,3.24,0.32,11.4,422
0.99528,3.15,0.48,9.2,423
0.9936,3.24,0.54,10.8,424
0.9966,3.08,0.4,10.2,425
0.9896,3.44,0.35,12.2,426
0.99252,3.27,0.57,11.6,427
0.9898,3.09,0.46,12.3,428
0.9963,3.35,0.49,9.4,429
0.9963,3.09,0.32,8.8,430
0.992,3.2,0.55,11.0,431
0.997,3.19,0.44,9.5,432
0.99038,3.18,0.51,11.7,433
0.99705,3.16,0.5,9.6,434
0.9981,3.18,0.49,8.7,435
0.9968,3.09,0.46,10.0,436
0.9977,3.08,0.59,9.6,437
0.9917,3.19,0.43,11.1,438
0.9932,3.2,0.27,11.5,439
0.99566,3.2,0.5,9.4,440
0.9974,3.52,0.58,9.7,441
0.99469,3.11,0.45,10.9,442
10.001,3.3,0.37,8.8,443
0.99365,3.1,0.56,10.8,444
0.99687,3.11,0.29,9.7,445
0.995,3.28,0.38,9.4,446
0.99121,3.03,0.56,11.3,447
0.99325,3.41,0.5,10.8,448
0.9944,3.14,0.47,10.7,449
0.99104,2.99,0.38,11.1,450
0.9933,3.16,0.69,10.6,451
0.9939,2.99,0.32,11.0,452
0.99538,3.12,0.5,9.5,453
0.9964,3.12,0.45,8.8,454
0.9948,3.14,0.49,9.6,455
0.992,3.22,0.45,12.3,456
0.99234,3.25,0.26,12.3,457
0.9946,3.24,0.42,10.6,458
0.9955,3.28,0.69,8.9,459
0.991,3.14,0.5,12.0,460
0.992,3.17,0.51,10.4,461
0.99125,3.28,0.4,11.5,462
0.9958,3.39,0.57,9.7,463
0.98984,3.35,0.5,12.7,464
0.99076,3.27,0.59,11.9,465
0.99405,3.35,0.64,10.2,466
0.9958,3.35,0.52,9.6,467
0.9924,3.31,0.5,10.3,468
0.99473,3.34,0.52,10.9,469
0.99166,3.2,0.57,11.4,470
0.9912,3.54,0.52,12.4,471
0.99216,3.18,0.4,11.0,472
0.9909,3.08,0.68,11.5,473
0.98845,3.29,0.33,13.1,474
0.99014,3.23,0.44,12.6,475
0.99283,3.12,0.56,11.0,476
0.99906,3.08,0.46,8.8,477
0.9909,3.12,0.59,10.8,478
0.99711,3.31,0.56,9.8,479
0.99159,3.31,0.63,11.3,480
0.99546,3.0,0.63,10.7,481
0.99354,3.3,0.5,10.4,482
0.99898,3.08,0.56,9.4,483
0.98975,3.21,0.47,13.4,484
0.99278,2.99,0.4,10.8,485
0.99756,3.33,0.54,10.2,486
0.9942,3.32,0.44,10.9,487
0.99445,3.3,0.43,9.4,488
0.989,3.12,0.25,12.9,489
0.9965,3.28,0.44,8.7,490
0.99428,3.09,0.49,9.8,491
0.99085,3.34,0.58,11.1,492
0.9956,3.22,0.43,9.4,493
0.9953,3.46,0.55,11.4,494
0.99241,3.39,0.4,11.3,495
0.9974,3.09,0.45,9.4,496
0.99485,3.14,0.6,9.7,497
0.992,3.1,0.42,10.4,498
0.9918,3.01,0.38,12.4,499
0.99258,3.1,0.43,12.1,500
0.9937,3.09,0.59,11.0,501
0.99243,3.28,0.45,10.6,502
0.99118,3.04,0.65,10.8,503
0.99839,2.98,0.47,9.1,504
0.98914,2.96,0.36,12.5,505
0.9988,3.17,0.54,9.1,506
0.99152,3.03,0.49,10.4,507
0.9933,3.13,0.5,10.2,508
0.9954,3.16,0.44,9.6,509
0.9918,3.19,0.51,11.4,510
0.9954,3.44,0.4,9.6,511
0.99674,3.24,0.53,9.5,512
0.99156,3.46,0.44,12.2,513
0.9944,3.08,0.61,10.3,514
10.002,2.96,0.5,9.1,515
0.98823,3.2,0.46,13.05,516
0.98931,3.2,0.36,12.0,517
0.99604,3.11,0.6,9.2,518
0.99068,3.25,0.51,11.2,519
0.9937,3.2,0.53,10.1,520
0.9913,3.05,0.44,11.8,521
0.99172,3.2,0.39,11.94,522
0.99642,3.47,0.4,8.5,523
0.99236,3.06,0.68,10.5,524
0.99027,3.42,0.42,12.5,525
0.99104,3.11,0.44,11.0,526
0.9976,3.29,0.64,9.9,527
0.9926,3.13,0.45,11.6,528
0.9941,3.12,0.48,10.3,529
0.9955,3.04,0.43,10.9,530
0.9918,3.06,0.46,11.0,531
0.99151,2.96,0.39,12.5,532
0.9902,3.14,0.53,12.7,533
0.992,3.12,0.38,10.7,534
0.99558,3.14,0.48,9.4,535
1.0,3.34,0.42,9.6,536
0.99693,3.1,0.55,10.0,537
0.9961,3.54,0.59,10.3,538
0.9953,3.22,0.56,10.5,539
0.9955,3.43,0.41,9.0,540
0.99588,3.13,0.38,9.9,541
0.9924,3.14,0.51,9.6,542
0.99254,3.18,0.42,11.1,543
0.98896,3.17,0.32,12.9,544
0.992,3.15,0.54,11.1,545
0.9944,3.14,0.47,10.7,546
0.98865,3.15,0.54,12.9,547
0.99021,3.36,0.49,12.0,548
0.98986,3.36,0.56,12.0,549
0.9955,3.08,0.39,9.0,550
0.9921,3.29,0.46,11.6,551
0.9914,3.43,0.42,12.0,552
0.99057,3.2,0.44,11.7,553
0.99194,3.0,0.54,10.9,554
0.99326,3.11,0.37,11.5,555
0.99078,3.27,0.56,11.1,556
0.99924,3.26,0.41,8.8,557
0.9927,3.19,0.45,9.5,558
0.9954,3.25,0.54,10.4,559
0.9998,3.37,0.38,9.6,560
0.9909,3.31,0.47,11.5,561
0.99975,3.12,0.47,8.8,562
0.9939,3.42,0.51,9.0,563
0.98865,3.11,0.52,12.7,564
0.993,3.03,0.48,10.5,565
0.9929,3.08,0.54,9.0,566
0.9917,3.13,0.39,11.0,567
0.99174,3.32,0.35,10.2,568
0.9966,3.07,0.46,9.4,569
0.99946,3.23,0.43,8.8,570
0.9999,2.97,0.47,9.0,571
0.9962,3.23,0.47,9.0,572
0.9931,3.42,0.55,11.4,573
0.99257,3.16,0.36,11.8,574
0.99608,3.13,0.46,10.4,575
0.9975,3.18,0.42,9.8,576
0.998,3.27,0.44,9.0,577
0.9957,3.54,0.5,10.3,578
0.9958,3.08,0.42,9.2,579
100.038,2.98,0.61,8.5,580
0.99604,3.22,0.49,9.2,581
0.99971,2.94,0.43,9.0,582
0.99076,3.32,0.44,11.1,583
0.9913,3.23,0.51,11.4,584
0.9911,3.0,0.32,12.8,585
0.99297,3.05,0.5,9.5,586
0.9946,3.25,0.56,10.6,587
0.9978,3.39,0.38,9.6,588
0.99691,3.08,0.45,9.4,589
0.99293,3.28,0.45,10.3,590
0.9936,3.19,0.43,9.1,591
0.99426,3.31,0.57,11.8,592
0.99558,3.16,0.49,9.5,593
0.9955,3.35,0.62,10.0,594
0.99519,3.12,0.5,10.6,595
0.99058,3.02,0.58,11.3,596
0.99425,3.15,0.63,9.9,597
0.9969,3.12,0.55,9.5,598
0.99,3.26,0.4,12.6,599
0.9938,3.2,0.38,11.0,600
0.9898,3.25,0.4,12.7,601
0.99445,3.1,0.56,10.0,602
0.99026,3.2,0.6,12.6,603
0.9987,3.04,0.56,8.8,604
0.99035,3.24,0.6,12.6,605
0.99146,3.3,0.54,11.3,607
0.9932,3.02,0.4,9.0,608
0.9923,3.37,0.51,11.6,609
100.037,3.1,0.48,9.2,610
0.99616,3.05,0.52,10.0,611
0.989315,3.19,0.31,13.0,612
0.99186,2.9,0.72,12.1,613
0.9966,3.23,0.49,10.5,614
0.9942,3.36,0.42,9.6,615
0.99402,3.53,0.58,10.8,616
0.9937,3.19,0.62,9.9,617
0.9972,3.29,0.38,9.3,618
0.99166,3.35,0.47,12.3,619
0.9982,3.44,0.53,9.8,620
0.99,3.26,0.42,12.2,621
0.99808,3.02,0.34,8.8,622
0.99189,3.06,0.44,11.5,623
0.992,3.25,0.43,10.4,624
0.99116,3.17,0.41,12.3,625
0.99699,3.11,0.6,9.8,626
0.9934,3.15,0.38,9.4,627
0.9982,3.19,0.49,9.3,628
0.99354,3.05,0.41,12.2,629
0.99579,3.16,0.5,9.4,630
0.9958,3.35,0.52,9.6,631
0.9896,3.38,0.44,12.3,632
0.9983,3.03,0.42,9.0,633
0.99016,3.26,0.54,13.0,634
0.99582,3.21,0.45,9.4,635
0.99021,3.17,0.27,13.6,636
0.99737,3.16,0.41,9.7,637
0.994,3.43,0.61,10.5,638
0.9919,3.32,0.51,10.4,639
0.9928,3.42,0.43,10.6,640
0.99254,2.99,0.46,9.4,641
0.9967,3.17,0.44,8.8,642
0.99313,3.38,0.51,11.0,643
0.9954,3.45,0.43,9.2,644
0.99825,2.9,0.44,8.7,645
1.0,2.99,0.46,9.0,646
0.98993,2.95,0.3,11.4,647
0.99558,3.14,0.48,9.4,648
0.99134,3.46,0.44,11.5,649
0.99692,3.18,0.49,9.4,650
0.99546,3.03,0.58,10.4,651
0.9944,3.17,0.33,10.2,652
0.98779,3.12,0.4,14.2,653
0.99567,3.17,0.38,10.6,654
0.9985,3.08,0.53,8.8,655
0.99283,3.12,0.56,11.0,656
0.9918,3.55,0.45,10.3,657
0.99508,3.23,0.37,10.0,658
0.99502,3.22,0.44,10.5,659
0.98946,3.35,0.43,11.4,661
0.9974,3.37,0.59,10.1,662
0.99576,3.2,0.53,9.1,663
0.99767,3.19,0.53,9.6,664
0.9938,3.08,0.34,9.4,665
0.9979,2.89,0.42,8.9,666
0.99368,3.18,0.39,10.6,667
0.994,3.35,0.39,9.4,668
0.9935,3.2,0.59,10.6,669
0.9916,3.54,0.59,11.1,670
0.99472,3.18,0.53,9.8,671
0.9939,3.26,0.5,10.8,672
0.99215,3.02,0.56,11.0,673
0.98896,3.17,0.32,12.9,674
0.997,3.25,0.53,10.2,675
0.99208,3.16,0.42,10.0,676
0.99752,3.06,0.43,9.1,677
0.99176,3.05,0.52,10.9,678
0.9946,3.21,0.62,9.5,679
0.99264,3.37,0.49,10.9,680
0.9979,2.89,0.42,8.9,681
0.99542,3.28,0.44,9.5,682
0.99092,3.21,0.52,11.2,683
0.9983,2.94,0.44,9.1,684
0.9932,3.01,0.55,10.4,685
0.9933,3.43,0.49,10.9,686
10.001,3.3,0.37,8.8,687
0.99218,3.04,0.67,10.0,688
0.9937,3.3,0.71,10.3,689
0.9919,3.22,0.43,9.2,690
0.9918,3.16,0.56,12.2,691
0.9972,3.16,0.63,9.6,692
0.99142,3.17,0.55,10.7,693
0.99654,3.16,0.51,9.1,694
0.9932,2.95,0.39,10.2,695
0.9957,3.09,0.4,9.0,696
0.99956,3.11,0.53,9.1,697
0.9934,3.26,0.55,9.3,698
0.992,3.25,0.42,11.4,699
0.994,3.38,0.47,10.1,700
0.9956,3.29,0.52,10.0,701
0.9887,2.96,0.35,12.0,702
0.99518,3.2,0.4,10.8,703
0.98944,3.22,0.39,12.8,704
0.99135,3.08,0.6,11.3,705
0.9957,3.5,0.44,9.6,706
0.99486,3.31,0.56,10.6,707
0.99855,3.24,0.48,9.0,708
0.99133,3.2,0.54,11.1,709
0.99316,3.15,0.6,10.0,710
0.99295,3.36,0.62,10.5,711
0.994,3.14,0.42,9.7,712
0.99246,3.28,0.57,10.6,713
0.9897,3.37,0.55,12.05,714
0.9953,3.12,0.59,9.9,715
0.99941,2.94,0.64,8.8,716
0.9924,3.3,0.57,10.9,717
0.99644,3.17,0.37,11.2,719
0.9923,3.3,0.39,10.5,720
0.98958,3.18,0.7,11.7,721
0.998,3.06,0.53,8.9,722
0.99943,3.12,0.61,9.3,723
0.9977,3.13,0.51,8.9,724
0.9972,3.3,0.36,8.9,725
0.99776,3.2,0.49,10.1,726
0.99182,3.34,0.46,11.4,727
0.99035,3.24,0.52,11.3,728
0.99288,3.23,0.58,9.55,729
0.9965,3.03,0.61,9.5,730
0.99406,3.11,0.45,10.9,731
0.99869,3.14,0.57,9.1,732
0.9935,3.11,0.42,9.5,733
0.99628,3.07,0.4,9.4,734
0.9962,3.1,0.54,10.6,735
0.9928,3.3,0.46,9.6,736
0.99437,3.13,0.5,10.0,737
0.9941,2.96,0.44,10.0,738
0.99642,3.17,0.44,9.1,739
0.9966,3.38,0.55,10.1,740
0.9917,3.33,0.75,11.4,741
0.99428,3.09,0.49,9.8,742
0.9911,3.35,0.4,11.4,743
0.9886,3.24,0.56,13.4,744
0.99194,3.0,0.35,10.5,745
0.9973,3.16,0.37,9.0,746
0.99244,2.79,0.52,10.9,747
0.99074,3.33,0.42,10.9,748
0.9893,3.51,0.38,12.5,749
0.9912,3.31,0.52,11.6,750
0.9971,3.36,0.5,10.4,751
0.99528,3.08,0.38,10.6,752
0.99058,3.1,0.33,11.8,753
0.9917,3.19,0.48,10.5,754
0.98912,3.23,0.37,12.2,755
0.99042,3.16,0.42,12.5,756
0.99215,3.29,0.46,10.7,757
0.98942,3.16,0.48,12.0,758
0.9914,2.93,0.59,12.5,759
0.99146,3.05,0.56,11.1,760
0.99882,3.17,0.52,10.0,761
0.996,3.08,0.4,10.1,762
0.99578,3.15,0.5,9.5,763
0.9924,3.37,0.45,11.1,764
0.99773,3.2,0.44,9.0,765
0.99792,2.96,0.39,9.0,766
0.99544,3.2,0.56,11.0,767
0.9959,3.19,0.5,9.4,768
0.99904,3.06,0.5,9.2,769
0.9958,3.14,0.34,10.8,770
0.9949,3.13,0.49,10.3,771
0.9957,3.23,0.62,9.4,772
0.9926,3.05,0.41,10.5,773
0.99052,3.18,0.67,12.4,774
0.9986,3.14,0.49,9.1,775
0.98963,3.26,0.58,12.75,776
0.9948,3.26,0.51,9.1,777
0.99018,3.34,0.54,12.8,778
0.99521,3.34,0.52,10.2,779
0.99159,3.31,0.63,11.3,780
0.99168,3.38,0.43,12.2,781
0.992,3.55,0.49,11.2,782
0.99,3.28,0.51,13.4,783
0.9941,3.46,0.44,10.8,784
0.99304,3.1,0.55,11.2,785
0.99855,3.24,0.48,9.0,786
0.99425,3.26,0.36,10.0,787
0.99278,2.99,0.4,10.8,788
0.99251,3.3,0.43,9.9,789
0.99038,2.93,0.32,11.5,790
0.9912,3.3,0.44,11.1,791
0.9928,3.41,0.36,11.3,792
0.9925,3.44,0.52,10.8,793
0.99802,3.42,0.42,9.7,794
0.99692,3.07,0.58,9.6,795
0.9948,3.33,0.49,10.7,796
0.99254,3.04,0.47,11.4,797
0.9934,3.01,0.33,11.1,798
0.98972,3.36,0.66,12.5,799
0.98976,3.27,0.34,12.9,800
0.99297,3.05,0.5,9.5,801
0.99126,3.18,0.46,12.6,802
0.99185,3.32,0.44,11.2,803
0.9921,3.38,0.51,11.4,804
0.9917,3.24,0.36,10.7,805
0.992,3.38,0.44,11.2,806
0.9911,3.28,0.46,12.0,807
0.992,3.13,0.38,10.5,808
0.98938,3.27,0.53,12.8,809
0.997,3.15,0.5,9.5,810
0.996,3.38,0.45,10.0,811
0.99062,3.15,0.57,13.2,812
0.9912,3.16,0.48,10.8,813
0.9969,3.12,0.53,9.2,814
0.9983,3.36,0.4,9.5,815
0.9979,3.23,0.57,9.0,816
0.9948,3.52,0.47,10.0,817
0.99304,3.14,0.44,11.3,818
0.99579,3.16,0.5,9.4,819
0.99124,2.96,0.37,12.5,820
0.98963,3.23,0.58,13.1,821
0.99578,3.1,0.45,10.4,822
0.995,3.5,0.45,10.9,823
0.99922,3.25,0.76,9.4,824
0.9984,3.15,0.5,9.3,825
0.99654,3.2,0.35,9.9,826
0.99226,3.27,0.55,10.8,827
0.99244,3.24,0.42,10.7,828
0.9944,3.36,0.48,9.6,829
0.9918,2.98,0.39,10.6,830
0.99837,2.97,0.66,8.8,831
0.9942,3.19,0.4,11.7,832
0.99216,2.98,0.31,12.0,833
0.9912,3.06,0.61,12.1,834
0.99126,3.06,0.64,10.9,835
0.9918,3.2,0.48,11.3,836
0.9959,3.14,0.38,9.0,837
0.99318,3.04,0.4,9.2,838
0.9902,3.38,0.34,11.3,839
0.99388,3.2,0.36,10.7,840
0.99249,2.95,0.39,10.1,841
0.9931,3.46,0.51,10.6,842
0.9941,3.32,0.62,10.0,843
0.98916,3.11,0.39,13.3,844
0.98988,3.23,0.53,13.4,845
0.99226,3.21,0.39,10.2,846
0.9952,3.29,0.34,9.7,847
0.9998,3.16,0.38,9.0,848
0.9959,3.22,0.33,10.7,849
0.9939,3.16,0.52,11.7,850
0.99481,3.18,0.44,9.6,851
0.9936,3.34,0.68,10.5,852
0.9979,3.22,0.67,10.4,853
0.9981,3.11,0.53,9.4,854
0.99582,3.16,0.52,9.5,855
0.99338,3.13,0.29,10.8,856
0.9965,3.0,0.44,9.1,857
0.99188,3.15,0.36,11.45,858
0.98993,3.3,0.46,12.3,859
0.99121,3.49,0.74,12.2,860
0.9911,3.38,0.42,12.2,861
0.9968,3.19,0.5,9.5,862
0.99604,3.11,0.6,9.2,863
0.99454,3.2,0.37,9.9,864
0.9906,3.36,0.51,11.2,865
0.9948,3.16,0.72,10.7,866
0.99196,3.15,0.49,11.2,867
0.9954,3.13,0.46,9.8,868
0.9968,3.18,0.52,9.5,869
0.99322,3.03,0.38,9.2,870
0.99696,3.08,0.46,9.6,871
0.99186,3.37,0.4,11.6,872
0.99033,3.25,0.35,11.8,873
0.99108,3.39,0.44,11.8,874
0.99489,3.06,0.5,9.4,875
0.99289,3.24,0.61,10.2,876
0.9954,3.13,0.46,9.8,877
0.99347,3.08,0.46,8.8,878
0.9926,2.97,0.35,10.4,879
0.99454,3.19,0.7,10.4,880
0.99896,3.1,0.45,8.9,881
0.99123,3.11,0.33,12.5,882
0.9925,3.32,0.4,10.8,883
0.9937,3.42,0.5,10.1,884
0.9906,3.4,0.67,12.2,885
0.9966,3.31,0.47,9.5,886
0.99513,3.4,0.57,10.4,887
0.99329,3.18,0.54,10.3,888
0.99884,3.05,0.53,9.1,889
0.9949,3.2,0.41,9.9,890
0.9924,3.08,0.47,10.5,891
0.9911,3.3,0.41,12.0,892
0.99518,3.5,0.59,10.2,893
0.99508,2.98,0.56,10.5,894
0.9982,3.05,0.47,8.9,895
0.98934,3.24,0.35,12.1,896
0.9902,3.14,0.37,11.7,897
0.9948,3.34,0.45,9.2,898
0.9922,3.25,0.46,11.6,899
0.99452,3.04,0.33,12.0,900
0.9946,3.33,0.44,9.9,901
0.9895,3.39,0.43,12.7,902
0.99146,3.19,0.22,13.4,903
0.99558,3.19,0.48,9.5,904
0.9928,3.08,0.61,9.8,905
0.99076,3.39,0.47,12.0,906
0.99026,3.2,0.6,12.6,907
0.99429,3.16,0.48,8.4,908
0.99586,3.11,0.52,9.5,909
0.9942,3.23,0.69,10.1,910
0.99168,3.09,0.47,11.2,911
0.99356,3.17,0.42,11.3,912
0.9936,3.08,0.38,9.5,913
0.98964,3.17,0.43,12.7,914
0.9915,3.05,0.49,10.9,915
0.99243,3.28,0.5,10.0,916
0.99756,3.48,0.62,9.7,917
0.99362,3.06,0.38,10.8,918
0.9924,3.14,0.44,9.9,919
0.99211,3.31,0.45,10.8,920
0.9928,3.12,0.44,10.5,921
0.99564,3.19,0.38,9.8,922
0.99772,2.99,0.59,9.3,923
0.99545,3.17,0.39,10.2,924
0.98834,3.05,0.59,12.9,925
0.9945,3.47,0.42,10.5,926
0.9932,3.16,0.35,10.2,927
0.99542,2.86,0.46,9.1,928
0.99193,3.45,0.59,10.9,929
0.9976,3.07,0.38,11.0,930
0.9914,3.14,0.39,10.9,931
0.99109,3.02,0.51,11.0,932
0.9911,2.99,0.48,12.1,933
0.9974,3.04,0.53,8.9,934
0.99126,3.0,0.5,11.2,936
0.99084,3.06,0.48,12.4,937
0.99815,3.27,0.3,9.3,938
0.99195,3.11,0.54,11.1,939
0.99478,3.12,0.4,10.6,940
0.99173,3.07,0.46,11.3,941
0.98894,3.22,0.53,13.5,942
0.9958,3.19,0.46,9.0,943
0.99556,3.12,0.49,9.4,944
0.9911,3.15,0.48,11.9,945
0.9958,3.45,0.54,9.7,946
0.9932,3.11,0.75,10.3,947
0.9969,3.12,0.55,9.5,948
0.9934,3.18,0.61,9.9,949
0.9926,3.33,0.42,10.8,950
0.9931,3.17,0.64,10.6,951
0.99908,3.15,0.5,8.8,952
0.9972,3.28,0.42,9.3,953
0.99645,3.11,0.4,10.8,954
0.99772,3.31,0.46,9.0,955
0.9982,3.01,0.47,9.2,956
0.98894,3.03,0.41,12.1,957
0.9958,3.22,0.48,9.3,958
0.98963,3.26,0.58,12.75,959
0.99012,3.36,0.41,13.5,960
0.9924,3.14,0.43,10.4,961
0.99172,3.13,0.32,12.3,962
0.9911,3.06,0.37,11.6,963
0.99375,3.33,0.5,11.2,964
0.99444,3.08,0.42,11.4,965
0.99422,3.08,0.47,9.5,966
0.9975,3.17,0.41,9.6,967
0.9908,3.42,0.4,11.0,968
0.99918,3.11,0.49,8.8,969
0.99166,3.2,0.57,11.4,970
0.99215,3.23,0.46,10.8,971
0.998,3.1,0.49,8.8,972
0.9948,3.27,0.52,10.1,973
0.99138,3.24,0.4,10.1,974
0.99143,3.0,0.6,11.3,975
0.9989,3.31,0.44,9.4,976
0.9925,3.01,0.34,13.0,977
0.9948,3.4,0.39,10.2,978
0.9906,3.18,0.32,12.9,979
0.998,2.91,0.46,9.2,980
0.9982,3.01,0.47,9.2,981
0.998,3.27,0.44,9.0,982
0.99732,3.08,0.54,8.9,983
0.99062,3.31,0.38,11.7,984
0.99545,3.13,0.5,9.6,985
10.001,3.3,0.37,8.8,986
0.9936,3.1,0.51,9.2,987
0.991,3.03,0.41,12.6,988
0.9905,3.3,0.36,11.8,989
0.98998,3.19,0.37,12.1,990
0.99636,3.47,0.46,10.2,991
0.99176,3.17,0.64,12.5,992
0.99568,3.23,0.42,10.0,993
0.99098,3.01,0.36,11.8,994
0.993,3.23,0.7,11.4,995
0.991,3.34,0.7,12.0,996
0.9939,3.24,0.51,10.8,997
0.9944,3.1,0.38,12.0,998
1.0,3.27,0.48,8.8,999
0.9906,3.19,0.56,12.4,1000
0.98952,3.16,0.56,12.3,1001
0.991,3.11,0.4,12.4,1002
0.9937,3.19,0.7,11.5,1003
0.9902,3.1,0.38,11.7,1004
0.9961,3.14,0.55,9.9,1005
0.98883,3.18,0.39,11.7,1006
0.9961,3.08,0.47,8.8,1007
0.9956,3.13,0.35,11.05,1008
0.99085,3.25,0.4,11.9,1009
0.99392,3.12,0.51,10.8,1010
0.99362,3.19,0.42,10.0,1011
0.9939,3.08,0.54,9.8,1012
0.98934,3.2,0.45,13.5,1013
0.99539,3.2,0.43,10.6,1014
0.9916,3.26,0.68,12.4,1015
10.002,3.27,0.64,9.1,1016
0.99523,3.19,0.48,9.5,1017
0.99,3.13,0.49,12.8,1018
0.99562,3.14,0.48,9.4,1019
0.9927,3.28,0.49,11.8,1020
0.9956,3.1,0.51,9.0,1021
0.99237,3.29,0.54,11.3,1022
0.9953,3.19,0.4,9.1,1023
0.99732,3.08,0.54,8.9,1024
0.99676,3.1,0.67,9.4,1025
0.992,2.94,0.46,11.0,1026
0.9953,3.19,0.47,9.3,1027
0.99076,3.25,0.41,12.5,1028
0.9928,3.24,0.36,9.6,1029
0.9916,2.95,0.31,10.5,1030
0.9907,2.92,0.42,11.4,1031
0.99519,3.2,0.35,10.8,1032
0.99767,3.19,0.53,9.6,1033
0.99745,3.08,0.38,8.9,1034
0.9929,3.48,0.56,10.5,1035
0.9958,3.3,0.33,9.6,1036
0.99469,3.32,0.45,9.3,1037
0.9953,3.18,0.48,10.6,1038
0.9953,3.36,0.5,12.0,1039
0.9929,3.31,0.56,10.5,1040
0.98889,3.08,0.64,12.9,1041
0.9958,3.17,0.57,9.9,1042
0.99838,3.04,0.49,9.2,1043
0.9908,3.26,0.54,12.3,1044
0.99306,2.93,0.37,11.9,1045
0.9948,3.14,0.49,9.6,1046
0.99564,3.23,0.42,9.0,1047
0.99975,3.12,0.47,8.8,1048
0.99784,3.0,0.6,9.5,1049
0.99338,3.05,0.31,10.8,1050
0.98904,3.46,0.36,12.8,1051
0.99066,3.23,0.39,11.0,1052
0.99153,3.24,0.35,11.5,1053
0.99176,3.02,0.39,11.9,1054
0.98999,3.17,0.36,12.1,1055
0.9958,3.08,0.42,9.2,1056
0.9906,3.34,0.59,12.0,1057
0.99076,3.39,0.47,12.0,1058
0.9958,3.24,0.39,9.5,1059
0.99178,3.38,0.57,11.0,1060
0.99699,3.11,0.6,9.8,1061
0.99076,2.97,0.52,12.2,1062
0.9918,3.19,0.58,12.2,1063
0.99397,3.16,0.38,10.6,1064
0.99,3.06,0.45,11.8,1065
0.99397,2.98,0.5,10.0,1066
0.98934,3.04,0.26,13.4,1067
0.99338,3.26,0.47,10.4,1068
0.99032,3.23,0.52,11.3,1069
0.9924,3.16,0.48,10.9,1070
0.9965,3.48,0.69,10.7,1071
0.99243,3.28,0.5,10.0,1072
0.99188,3.38,0.4,11.5,1073
0.99238,2.94,0.37,11.5,1074
0.9972,3.33,0.42,9.5,1075
0.9894,3.38,0.36,12.3,1076
0.99587,3.12,0.37,9.2,1077
0.9962,3.23,0.47,9.0,1078
0.99924,3.26,0.41,8.8,1079
0.99704,2.97,0.4,10.55,1080
0.99347,3.24,0.46,10.4,1081
0.9954,3.34,0.52,10.5,1082
0.99976,3.2,0.5,10.4,1083
0.99542,3.11,0.48,9.3,1084
0.993,3.32,0.51,10.2,1085
0.99268,3.25,0.49,11.1,1086
0.9913,3.01,0.7,12.8,1087
0.99185,3.37,0.68,11.0,1088
0.9931,3.14,0.38,12.4,1089
0.9914,3.4,0.4,12.3,1090
0.98871,3.1,0.46,12.6,1091
0.9981,3.23,0.41,9.0,1092
0.9948,3.3,0.67,9.6,1093
0.99464,3.25,0.61,10.4,1094
0.99606,3.17,0.55,9.9,1095
0.9954,3.04,0.55,11.0,1096
10.003,3.21,0.69,8.6,1097
0.9899,3.36,0.47,12.1,1099
0.9938,3.46,0.39,9.9,1100
0.9954,3.12,0.55,10.0,1101
0.9932,3.33,0.46,11.6,1102
100.016,2.98,0.66,9.1,1103
0.99509,3.22,0.55,9.5,1104
0.9966,3.12,0.47,9.0,1105
0.99602,3.24,0.39,8.8,1106
0.9914,2.93,0.59,12.5,1107
0.99709,3.03,0.53,10.3,1108
0.98892,3.35,0.37,12.9,1109
0.9936,3.28,0.43,9.8,1110
0.99398,3.19,0.39,8.5,1111
0.98862,2.94,0.38,13.4,1112
0.99754,3.08,0.49,9.4,1113
0.99548,2.96,0.43,9.4,1114
0.9924,2.99,0.61,9.8,1115
0.9911,3.05,0.56,11.3,1116
100.022,3.11,0.53,9.0,1117
0.99096,3.22,0.41,11.0,1118
0.99548,3.18,0.48,9.5,1119
0.992,3.51,0.58,12.5,1120
0.9918,3.43,0.64,10.8,1121
0.99398,2.86,0.35,9.0,1122
0.99076,3.13,0.63,12.5,1123
0.99078,3.34,0.41,12.0,1124
0.9966,3.04,0.56,9.7,1125
0.9962,3.09,0.54,8.9,1126
0.99366,3.11,0.59,11.2,1127
0.9939,3.16,0.34,12.0,1128
0.99143,3.22,0.54,10.8,1129
0.99248,3.38,0.54,11.0,1130
0.99196,3.25,0.53,11.2,1131
0.9917,3.48,0.44,10.7,1132
0.99378,3.2,0.48,10.3,1133
10.003,3.21,0.69,8.6,1134
0.9939,3.16,0.39,10.2,1135
0.99535,3.23,0.43,10.7,1136
0.9954,2.86,0.36,9.7,1137
0.99215,3.17,0.39,10.8,1138
0.99138,3.04,0.53,11.2,1139
0.9935,3.18,0.41,12.2,1140
0.992,3.17,0.54,12.4,1141
0.99126,3.02,0.41,10.7,1142
0.99,3.3,0.33,12.2,1143
0.99803,2.97,0.52,8.8,1144
0.9935,3.25,0.37,11.1,1145
0.99884,3.05,0.53,9.1,1146
0.9906,3.12,0.54,12.7,1147
0.99238,3.19,0.48,10.2,1148
10.002,3.22,0.5,9.7,1149
0.9944,3.06,0.4,9.4,1150
0.9951,3.06,0.36,9.3,1151
0.9948,3.29,0.76,9.6,1152
0.9909,3.14,0.36,11.7,1153
0.9941,3.17,0.29,11.6,1154
0.9995,3.03,0.42,9.2,1155
0.9955,3.18,0.48,9.5,1156
0.99006,3.31,0.56,11.3,1157
0.99076,3.51,0.48,11.2,1158
0.9948,3.19,0.69,9.4,1159
0.99076,3.21,0.51,11.4,1160
0.99378,3.21,0.68,10.0,1161
0.99067,3.44,0.73,12.2,1162
0.99207,3.17,0.46,10.7,1163
0.99815,3.27,0.29,9.2,1164
0.99312,3.27,0.56,10.6,1165
0.9936,3.06,0.58,9.9,1166
0.9938,3.5,0.5,9.7,1167
0.9924,3.28,0.52,11.0,1168
0.992,3.18,0.63,10.8,1169
0.99305,3.12,0.7,10.4,1170
0.9952,3.02,0.33,10.6,1171
0.994,3.14,0.42,10.5,1172
0.9975,3.08,0.4,8.9,1173
0.99137,3.19,0.5,10.2,1175
0.9936,3.26,0.64,10.7,1176
0.99114,3.36,0.6,11.5,1177
0.9954,3.36,0.36,9.4,1178
0.9898,3.32,0.47,12.6,1179
0.99355,3.05,0.55,11.5,1180
0.99182,3.24,0.43,11.3,1181
0.99352,3.09,0.33,11.7,1182
0.99158,3.09,0.32,11.2,1183
0.99442,3.15,0.48,9.8,1184
0.9964,3.33,0.6,9.6,1185
0.99089,3.12,0.39,11.5,1186
0.9954,3.38,0.53,9.7,1187
0.98902,3.04,0.54,12.8,1188
0.99634,3.07,0.59,11.0,1189
0.99678,3.28,0.72,10.3,1190
0.99299,3.29,0.44,9.9,1191
0.9954,3.12,0.44,9.4,1192
0.99184,3.28,0.6,12.0,1193
0.9956,3.55,0.44,9.4,1194
0.99444,3.04,0.37,10.5,1195
0.99161,3.28,0.51,11.8,1196
0.99422,3.1,0.44,9.5,1197
0.9896,3.07,0.43,13.5,1198
10.001,3.3,0.36,8.7,1199
0.9915,3.06,0.45,11.4,1200
0.9927,3.11,0.27,11.4,1201
0.998,2.91,0.46,9.2,1202
0.99035,3.03,0.43,12.5,1203
0.9918,3.21,0.37,11.0,1204
0.9966,3.08,0.4,10.2,1205
0.992,3.21,0.47,10.6,1206
0.997,2.92,0.59,9.5,1207
0.98912,3.29,0.42,12.8,1208
0.9996,2.93,0.47,8.9,1209
0.99124,3.2,0.42,12.2,1210
0.9952,3.09,0.45,9.4,1211
0.99856,3.45,0.45,9.4,1212
0.99432,3.19,0.38,10.4,1213
0.99273,3.18,0.52,10.5,1214
0.99402,2.89,0.49,9.5,1215
0.9944,3.44,0.37,9.7,1216
0.9925,3.35,0.46,10.0,1217
0.98862,3.22,0.38,12.6,1218
0.98913,3.41,0.33,13.7,1219
0.9951,3.02,0.42,10.5,1220
0.9982,3.04,0.48,9.2,1221
0.99567,3.17,0.38,10.6,1222
0.98939,3.0,0.52,11.9,1223
0.9954,3.04,0.65,10.4,1224
0.9938,3.2,0.49,10.8,1225
0.9917,3.19,0.48,10.5,1226
0.9954,3.07,0.5,9.4,1227
0.99284,3.3,0.59,10.5,1228
0.9954,3.12,0.61,9.9,1229
0.9932,3.11,0.75,10.3,1230
0.9899,3.11,0.31,11.8,1231
0.9998,3.36,0.41,9.1,1232
0.998,3.35,0.45,9.5,1233
0.9929,3.08,0.55,9.0,1234
0.99475,3.32,0.43,10.0,1235
0.9922,3.3,0.49,11.8,1236
0.99188,3.13,0.65,12.9,1237
0.9961,3.17,0.47,8.9,1238
0.9932,3.08,0.66,12.0,1239
0.9982,3.24,0.51,9.2,1240
0.99232,3.2,0.45,10.0,1241
0.9894,3.36,0.33,12.1,1242
0.9956,2.95,0.52,9.5,1243
0.98869,3.34,0.38,12.8,1244
0.99146,3.05,0.56,11.1,1245
0.98958,3.18,0.7,11.7,1246
0.9954,3.25,0.54,10.4,1247
0.99175,3.47,0.52,11.2,1248
0.9954,3.14,0.45,9.6,1249
0.99654,2.89,0.42,9.0,1250
0.98815,3.32,0.5,13.5,1251
0.9926,3.39,0.54,10.2,1252
0.99676,3.2,0.35,9.8,1253
0.99121,3.23,0.6,11.3,1254
0.9914,3.32,0.37,12.2,1255
0.99164,3.13,0.63,12.6,1256
0.99047,2.88,0.47,11.2,1257
0.99095,3.17,0.58,11.0,1258
0.996,3.16,0.52,9.7,1259
0.9942,3.24,0.35,9.5,1260
0.994,3.14,0.58,9.5,1261
0.9924,3.06,0.41,9.5,1262
0.9918,3.23,0.53,11.0,1263
0.98742,3.31,0.4,13.6,1264
0.99825,2.9,0.44,8.7,1265
0.99576,3.11,0.61,10.6,1267
0.9935,3.11,0.42,9.5,1268
0.99865,3.12,0.53,9.0,1269
0.991,3.42,0.42,11.8,1270
0.98895,3.28,0.36,12.4,1271
0.9966,3.08,0.4,9.3,1272
0.99261,2.94,0.63,10.0,1273
0.99545,3.23,0.52,9.3,1274
0.992,2.96,0.33,10.5,1275
0.99171,3.27,0.5,12.4,1276
0.99135,3.37,0.38,11.2,1277
0.9966,3.33,0.46,9.5,1278
0.99106,3.06,0.42,11.1,1279
0.9968,3.08,0.6,9.4,1280
0.99204,3.36,0.73,12.6,1281
0.9981,3.13,0.4,9.9,1282
0.994,3.27,0.52,9.8,1283
0.99807,2.94,0.41,8.8,1284
0.9936,3.15,0.34,11.9,1285
0.99235,3.22,0.54,11.0,1286
0.9986,3.1,0.5,9.2,1287
0.9937,3.35,0.61,9.9,1288
0.99204,3.15,0.42,10.2,1289
1.0,3.3,0.41,8.7,1290
0.99252,3.07,0.57,10.6,1291
1.0,3.24,0.76,8.5,1292
0.9994,3.34,0.67,8.8,1293
0.9949,3.19,0.46,9.8,1294
0.98949,3.24,0.36,12.6,1295
0.9999,3.22,0.42,8.8,1296
0.9936,3.09,0.59,10.2,1297
0.991,3.08,0.74,12.1,1298
0.99604,2.96,0.51,9.7,1299
0.9902,3.14,0.38,12.4,1300
0.992,3.03,0.3,11.9,1301
0.99225,3.15,0.46,10.2,1302
0.9986,3.48,0.36,10.0,1303
0.9922,3.3,0.46,10.8,1304
0.9986,3.04,0.46,8.9,1305
0.9953,2.96,0.4,10.9,1306
0.98934,3.29,0.5,12.7,1307
0.9941,3.42,0.68,10.6,1308
0.99158,3.22,0.52,11.5,1309
0.9927,3.21,0.38,9.8,1310
0.9951,3.52,0.54,10.2,1311
0.9912,3.18,0.44,12.8,1312
0.99208,3.05,0.54,9.8,1313
0.99124,2.96,0.37,12.5,1314
0.9948,3.05,0.54,11.1,1315
0.9903,3.3,0.59,12.6,1316
0.99825,2.9,0.44,8.7,1317
0.99956,3.11,0.53,9.1,1318
0.9913,3.53,0.43,11.7,1319
0.9931,3.17,0.64,10.6,1320
0.9911,3.34,0.55,11.3,1321
0.99354,3.14,0.51,8.7,1322
0.99216,3.18,0.4,11.0,1323
0.9917,2.96,0.4,12.6,1324
0.9945,3.49,0.44,10.5,1325
0.99408,2.99,0.58,9.9,1326
0.9953,3.37,0.52,9.3,1327
0.9913,3.22,0.27,11.2,1328
0.99808,3.0,0.52,9.0,1329
0.9984,3.06,0.45,9.1,1330
0.9902,3.06,0.52,11.2,1331
0.9952,3.05,0.3,10.3,1332
0.9944,3.15,0.41,9.4,1333
0.9924,3.23,0.66,10.3,1334
0.9954,3.06,0.52,9.9,1335
0.99045,3.32,0.62,11.3,1336
0.99758,3.54,0.74,10.4,1337
1.001,3.0,0.45,8.8,1338
0.9944,3.14,0.41,10.8,1339
0.99165,3.26,0.6,11.5,1340
0.9893,3.07,0.33,12.2,1341
0.9918,3.06,0.62,11.1,1342
0.9928,2.99,0.36,10.0,1343
0.99193,3.2,0.46,12.0,1344
0.98892,3.03,0.33,12.7,1345
0.99382,3.15,0.48,9.7,1346
0.9899,3.25,0.41,12.6,1347
0.99091,3.02,0.5,11.0,1348
0.9978,3.1,0.49,9.3,1349
0.98962,3.19,0.75,12.4,1350
0.99133,3.19,0.52,11.1,1351
0.9924,3.15,0.5,11.0,1352
0.99855,3.24,0.48,9.0,1353
0.9918,3.24,0.66,12.6,1354
0.9984,3.06,0.45,9.1,1355
0.9995,3.03,0.42,9.2,1356
0.99198,3.22,0.49,12.2,1357
0.99362,3.06,0.6,9.9,1358
0.99851,3.26,0.51,8.9,1359
0.99189,3.18,0.53,11.9,1360
0.99074,3.16,0.51,11.0,1361
0.99424,3.16,0.5,9.3,1362
0.9908,3.08,0.56,12.9,1363
0.99551,3.18,0.48,9.5,1364
0.992,3.26,0.45,10.4,1365
0.99288,3.08,0.43,10.0,1366
0.9946,3.32,0.38,12.3,1367
0.99805,2.93,0.44,9.2,1368
0.993,2.89,0.34,10.9,1369
0.9993,3.07,0.58,9.4,1370
0.9934,3.26,0.54,9.2,1371
0.9902,3.04,0.39,11.45,1372
0.99151,3.07,0.42,11.2,1373
0.99911,3.14,0.5,9.0,1374
0.9914,3.19,0.49,11.6,1375
0.9899,3.15,0.38,12.7,1376
0.99748,3.24,0.45,9.3,1378
0.9958,3.34,0.54,10.7,1379
0.99518,3.12,0.48,12.0,1380
0.9934,3.15,0.44,9.9,1381
0.99808,3.0,0.52,9.0,1382
0.9934,3.13,0.48,9.7,1383
0.99,3.28,0.51,13.4,1384
0.99297,3.13,0.36,9.7,1385
0.99705,3.14,0.35,9.7,1386
0.99066,2.98,0.44,12.4,1387
0.99072,3.05,0.53,11.3,1388
0.99114,3.27,0.5,11.2,1389
0.994,2.99,0.38,9.4,1390
0.99116,3.09,0.38,13.0,1391
0.9946,3.29,0.57,10.6,1392
0.9952,3.22,0.53,10.5,1393
0.99622,3.27,0.5,9.4,1394
0.9924,3.36,0.35,9.2,1395
0.99411,3.36,0.68,10.1,1396
0.99375,3.2,0.62,10.2,1397
0.98711,3.1,0.29,13.9,1398
0.99834,3.05,0.5,9.1,1399
0.99708,3.11,0.57,9.6,1400
0.9944,3.14,0.41,10.8,1401
0.99296,3.2,0.55,10.8,1402
0.98946,3.22,0.38,12.7,1403
0.9947,3.13,0.35,10.1,1404
0.9972,3.49,0.64,10.2,1405
0.9937,3.01,0.28,11.2,1406
0.9929,3.19,0.48,9.2,1407
0.9956,3.18,0.52,9.4,1408
0.99916,3.13,0.48,8.8,1409
0.99139,3.31,0.5,11.3,1410
0.9941,2.95,0.49,9.1,1411
0.99588,3.08,0.56,9.8,1412
0.99596,3.34,0.5,9.9,1413
0.9914,3.32,0.43,11.1,1414
0.9955,3.03,0.42,8.8,1415
0.98945,3.37,0.42,12.7,1416
0.99178,3.13,0.54,10.8,1417
0.99754,3.08,0.49,9.4,1418
0.99072,3.16,0.37,11.1,1419
100.055,3.0,0.56,8.7,1420
0.9942,3.4,0.59,10.2,1421
0.99278,3.15,0.4,11.0,1422
0.99555,3.1,0.5,10.1,1423
0.98944,3.22,0.39,12.8,1424
0.99011,3.15,0.34,12.0,1425
0.9892,3.31,0.37,13.1,1426
0.9913,3.07,0.52,11.8,1427
0.9928,3.24,0.36,10.9,1428
0.99526,3.22,0.4,10.8,1429
0.99076,2.98,0.49,12.3,1430
0.99604,2.96,0.51,9.7,1431
0.9941,3.34,0.72,9.5,1432
0.99406,2.99,0.36,11.2,1433
0.99582,3.33,0.59,10.3,1434
0.99096,3.07,0.72,11.3,1435
0.9945,3.05,0.37,11.4,1436
0.9921,3.18,0.4,11.1,1437
0.99152,3.16,0.51,11.6,1438
0.99587,3.31,0.59,10.4,1439
0.99106,3.06,0.42,11.1,1440
0.9918,3.35,0.38,11.1,1441
0.99089,3.15,0.45,11.0,1442
0.99081,3.33,0.61,11.8,1443
0.99666,2.86,0.46,8.9,1444
0.9951,3.52,0.37,10.5,1445
0.99308,3.36,0.37,11.0,1446
0.9928,3.19,0.35,11.5,1447
0.9954,2.86,0.36,9.7,1448
0.9969,3.26,0.55,9.5,1449
0.996,3.12,0.36,10.1,1450
0.99218,3.24,0.46,10.9,1451
0.9972,3.14,0.5,9.1,1452
0.9975,3.0,0.44,9.1,1453
0.99314,3.15,0.61,10.0,1454
0.9939,3.25,0.52,9.8,1455
0.99167,2.95,0.45,10.6,1456
0.994,3.22,0.38,9.5,1457
0.9955,3.22,0.5,9.5,1458
0.99084,3.18,0.34,12.1,1459
0.99238,2.94,0.37,11.5,1460
0.99224,3.24,0.41,11.4,1461
0.99,3.24,0.45,12.9,1462
0.99238,3.0,0.4,9.5,1463
0.9951,3.02,0.33,10.6,1464
0.99126,3.49,0.58,10.9,1465
0.9922,3.02,0.38,12.4,1466
0.9906,3.28,0.36,12.7,1467
0.9934,3.31,0.4,11.6,1468
0.99536,3.12,0.36,9.2,1469
0.9924,3.24,0.48,10.1,1470
0.99058,3.11,0.75,11.3,1471
0.9991,3.18,0.63,9.2,1472
0.99161,3.28,0.51,11.8,1473
0.9938,3.22,0.46,9.2,1474
0.99224,3.22,0.48,10.0,1475
0.99479,3.21,0.34,10.8,1476
0.99036,3.24,0.57,11.3,1477
0.9918,3.07,0.43,10.4,1478
0.9957,3.24,0.46,9.1,1479
0.9925,3.07,0.55,9.5,1480
0.9907,3.02,0.6,12.9,1481
0.99742,3.04,0.45,8.8,1482
0.98987,3.18,0.37,12.4,1483
0.9958,3.22,0.48,9.3,1484
0.99808,3.0,0.52,9.0,1485
0.99652,3.15,0.49,9.1,1486
0.99591,3.21,0.43,9.0,1487
0.9933,3.49,0.71,10.5,1488
0.9976,3.09,0.46,8.9,1489
0.98959,3.26,0.42,12.6,1490
0.99245,3.18,0.46,11.5,1491
0.99089,3.32,0.65,11.5,1492
0.99566,3.17,0.44,9.4,1493
0.9945,3.1,0.32,10.6,1494
0.9914,2.99,0.45,10.8,1495
0.99274,3.46,0.28,11.5,1496
0.9924,3.29,0.72,9.8,1497
0.99015,3.26,0.53,12.8,1498
0.9968,3.14,0.56,10.6,1499
0.9887,3.36,0.3,13.0,1500
0.98972,3.2,0.43,12.0,1501
0.99552,3.11,0.53,9.4,1502
0.99954,3.3,0.67,9.0,1503
0.99153,3.18,0.5,10.9,1504
0.9934,3.42,0.4,11.7,1505
0.9914,3.26,0.72,11.7,1506
0.99044,2.97,0.43,11.9,1507
0.992,3.27,0.64,11.0,1508
0.9965,3.43,0.38,9.6,1509
0.99406,3.11,0.45,10.9,1510
0.995,3.39,0.46,9.7,1511
0.98886,3.56,0.45,13.0,1512
0.99514,3.14,0.5,9.6,1513
0.999,3.56,0.47,9.8,1514
0.98998,3.32,0.41,12.4,1515
0.997,3.4,0.5,9.6,1516
10.017,2.96,0.58,8.7,1517
0.99848,3.23,0.5,9.0,1518
0.99004,3.06,0.37,12.2,1519
0.9952,3.3,0.75,9.5,1521
0.995,3.22,0.47,9.5,1522
0.99072,3.31,0.58,11.75,1523
0.9896,3.18,0.48,13.4,1524
0.991,3.29,0.62,12.3,1525
0.99546,3.2,0.55,10.5,1526
0.9986,3.14,0.49,9.1,1527
0.9986,3.04,0.46,8.9,1528
0.9908,3.29,0.37,12.6,1529
0.9979,3.26,0.56,9.6,1530
0.99627,3.11,0.52,9.2,1531
0.99232,3.14,0.5,9.8,1532
0.99123,2.97,0.31,12.2,1533
0.99486,3.4,0.42,10.4,1534
0.99152,3.11,0.48,12.0,1535
0.9974,3.22,0.32,9.0,1536
0.99544,3.02,0.58,10.4,1537
0.9937,3.45,0.5,10.2,1538
0.9916,3.46,0.42,11.0,1539
0.99787,3.3,0.57,9.4,1540
0.99568,3.23,0.42,10.0,1541
0.99326,3.08,0.49,10.8,1542
0.9954,3.07,0.5,9.4,1543
0.9981,3.11,0.49,9.3,1544
0.9959,3.14,0.38,9.0,1545
0.9953,3.19,0.47,9.3,1546
0.9912,3.08,0.67,12.8,1547
0.99911,3.14,0.5,9.0,1548
0.9942,3.05,0.74,9.8,1549
0.99828,3.15,0.42,9.2,1550
0.99216,2.98,0.31,12.0,1551
0.98959,2.98,0.37,13.0,1552
0.9912,3.21,0.65,11.7,1553
0.99561,3.11,0.53,9.5,1554
0.99076,3.27,0.59,11.9,1555
0.9963,3.2,0.56,9.8,1556
0.98914,3.26,0.39,12.9,1557
0.98952,3.32,0.6,12.5,1558
0.9928,3.23,0.5,10.8,1559
0.99286,3.18,0.35,12.1,1560
0.99268,3.21,0.43,11.0,1561
0.9903,3.22,0.49,12.6,1562
0.99174,3.18,0.53,11.1,1563
0.9914,3.44,0.53,11.4,1564
0.9906,3.23,0.4,11.1,1565
0.9974,3.09,0.45,9.4,1566
0.98794,3.08,0.43,13.2,1567
0.99226,3.06,0.55,12.2,1568
0.9903,3.26,0.64,12.6,1569
0.99316,3.15,0.6,10.0,1570
0.9975,3.14,0.46,8.7,1571
0.9954,3.14,0.57,9.8,1572
0.99046,3.09,0.53,11.4,1573
0.9917,3.23,0.47,11.2,1574
0.9948,3.16,0.72,10.7,1575
0.991,3.39,0.48,12.7,1576
0.99153,3.18,0.5,10.9,1577
0.9949,3.18,0.47,9.6,1578
0.99684,2.87,0.47,9.5,1579
0.9905,3.25,0.37,10.9,1580
0.99595,3.22,0.48,9.4,1581
0.9922,3.01,0.33,12.0,1582
0.9939,2.96,0.46,11.7,1583
0.99041,3.16,0.47,11.8,1584
0.9954,3.11,0.44,9.8,1585
0.98963,2.82,0.59,13.2,1586
0.99553,3.18,0.5,9.6,1587
0.98952,2.93,0.59,12.0,1588
0.99105,3.25,0.45,11.4,1589
0.99542,3.19,0.48,9.5,1590
0.98956,3.22,0.39,11.5,1591
0.99636,3.18,0.52,9.6,1592
0.98944,3.16,0.54,12.4,1593
0.99954,2.93,0.52,9.1,1594
0.9939,3.25,0.52,10.8,1595
0.9937,3.01,0.39,9.2,1596
0.9925,2.87,0.49,11.4,1597
0.99144,3.08,0.6,12.5,1598
0.99904,3.02,0.49,8.8,1599
0.99691,3.33,0.43,9.8,1600
0.99568,3.2,0.47,10.4,1601
0.9911,2.99,0.48,12.1,1602
0.99425,3.15,0.63,9.9,1603
0.992,3.09,0.39,11.1,1604
0.99226,3.06,0.55,12.2,1605
0.9932,3.03,0.4,10.3,1606
0.9961,3.31,0.38,9.4,1607
0.99134,3.06,0.47,11.4,1609
10.004,3.49,0.42,9.8,1610
0.9948,3.1,0.37,11.6,1611
0.9917,3.09,0.39,11.4,1612
0.99512,3.29,0.31,10.0,1613
0.99255,3.22,0.63,10.4,1614
0.9966,3.21,0.39,9.6,1615
0.99256,3.39,0.48,10.7,1616
0.99122,3.24,0.32,12.2,1617
0.99655,3.25,0.47,9.5,1618
0.99745,3.16,0.41,9.6,1619
0.9927,3.0,0.47,10.2,1620
0.99182,3.24,0.43,11.3,1621
0.99476,3.22,0.37,10.8,1622
0.9914,3.27,0.67,10.8,1623
0.9898,3.29,0.42,12.4,1624
0.99084,3.34,0.44,12.6,1625
0.99064,3.29,0.65,12.5,1626
0.99088,3.03,0.46,11.7,1627
0.99727,3.04,0.38,12.3,1628
0.9998,3.45,0.4,9.6,1629
0.993,3.21,0.56,10.8,1630
0.9932,3.13,0.33,9.9,1631
0.99299,3.22,0.38,11.0,1632
0.98944,3.03,0.33,12.9,1633
0.99306,3.27,0.61,9.5,1634
0.99622,3.38,0.58,10.1,1635
0.99056,3.05,0.54,11.4,1636
0.99864,3.06,0.49,8.6,1637
0.992,3.09,0.72,11.6,1638
0.9924,3.25,0.43,11.2,1639
0.9965,3.11,0.53,9.2,1640
0.99228,3.06,0.34,12.5,1641
0.99136,3.18,0.38,11.2,1642
0.993,3.23,0.52,11.3,1643
0.99825,2.9,0.44,8.7,1644
0.99212,3.18,0.44,12.0,1645
0.9928,3.36,0.63,10.6,1646
0.99028,3.25,0.63,12.5,1647
0.9962,3.1,0.54,9.0,1648
0.99833,3.23,0.54,9.1,1649
0.9984,2.9,0.43,8.7,1650
0.9926,3.04,0.74,9.9,1651
0.9897,3.09,0.31,10.8,1652
0.9952,3.37,0.42,9.2,1653
0.992,3.27,0.66,10.0,1654
0.9901,3.0,0.38,12.1,1655
0.99438,3.26,0.41,9.5,1656
0.9907,3.38,0.45,14.0,1657
0.9927,3.11,0.55,10.5,1658
0.9988,3.18,0.64,10.2,1659
0.99024,3.09,0.47,12.3,1660
0.9903,3.13,0.39,12.3,1661
0.9928,3.31,0.48,10.4,1662
0.9935,3.34,0.38,9.5,1663
0.9986,3.26,0.54,9.1,1664
0.9962,3.42,0.4,9.3,1665
0.99004,3.17,0.36,11.5,1666
0.99262,3.34,0.35,12.6,1667
0.9932,3.13,0.47,8.8,1668
0.98914,3.13,0.3,12.4,1669
0.99,3.06,0.39,11.9,1670
0.9912,3.09,0.53,12.0,1671
0.995,3.36,0.56,10.3,1672
0.9952,3.14,0.44,9.5,1673
0.98946,3.22,0.38,12.7,1674
0.99434,3.1,0.51,9.5,1675
0.98945,3.26,0.58,12.4,1676
0.99084,3.18,0.34,12.1,1677
0.99782,3.07,0.45,9.2,1678
0.99278,2.99,0.39,11.0,1679
0.99822,3.04,0.5,9.2,1680
0.9979,3.09,0.44,9.0,1681
0.9956,3.29,0.52,10.0,1682
0.9917,3.38,0.58,12.0,1683
0.99184,2.9,0.5,10.5,1684
0.99095,3.35,0.6,11.9,1685
0.9955,3.14,0.41,9.6,1686
0.99494,3.25,0.49,10.0,1687
0.9982,3.08,0.31,10.0,1688
0.9961,3.19,0.52,8.9,1689
0.99836,3.16,0.5,9.7,1690
0.9996,2.96,0.46,9.7,1691
0.99339,3.24,0.56,11.35,1692
0.9906,3.44,0.37,11.0,1693
0.99134,3.2,0.7,12.7,1694
0.9912,3.32,0.41,11.6,1695
0.9918,3.25,0.45,12.5,1696
0.9977,3.33,0.43,9.4,1697
0.9986,3.1,0.52,9.4,1698
0.9898,3.3,0.4,11.4,1699
0.9983,2.99,0.3,9.2,1700
0.98912,3.29,0.42,12.8,1701
0.99907,3.06,0.68,9.5,1702
0.9969,3.04,0.42,9.2,1703
0.9941,3.15,0.6,10.0,1704
0.99807,2.94,0.41,8.8,1705
0.9982,3.44,0.53,9.8,1706
0.99001,3.32,0.62,11.4,1707
0.9906,3.48,0.39,10.8,1708
0.99176,3.14,0.49,12.8,1709
0.99057,3.47,0.42,11.9,1710
0.99794,3.31,0.58,9.7,1711
0.99202,2.97,0.68,11.0,1712
0.99396,3.18,0.52,10.1,1713
0.99022,3.11,0.45,11.4,1714
0.9933,3.04,0.54,9.2,1715
0.99184,2.9,0.5,10.5,1716
0.99126,3.11,0.37,11.2,1717
0.99173,2.9,0.57,10.5,1718
0.9928,3.13,0.39,10.4,1719
0.9894,3.5,0.45,12.5,1720
0.9929,3.01,0.42,9.3,1721
0.9984,2.9,0.43,8.7,1722
0.992,3.11,0.35,11.1,1723
0.99334,2.93,0.66,10.3,1724
0.9958,3.2,0.54,9.1,1725
0.9933,3.13,0.5,10.2,1726
0.99428,3.18,0.5,9.3,1727
0.99383,3.52,0.64,10.5,1728
0.99048,3.37,0.66,11.3,1729
0.9923,3.0,0.68,10.4,1730
0.99715,3.08,0.61,9.3,1731
0.99453,3.13,0.7,10.1,1732
0.9916,3.1,0.5,12.3,1733
0.9966,3.34,0.55,9.4,1734
0.9968,3.31,0.45,9.5,1735
0.98924,3.28,0.34,11.9,1736
0.9951,3.25,0.44,9.0,1737
0.9938,3.19,0.37,10.5,1738
0.99053,3.27,0.69,11.4,1739
0.99047,2.88,0.47,11.2,1740
0.99162,3.15,0.65,12.8,1741
0.99192,2.93,0.42,12.3,1742
0.9953,3.13,0.59,10.5,1743
0.99,3.19,0.38,12.6,1744
0.99112,2.93,0.43,11.5,1745
0.99382,3.11,0.62,9.8,1746
0.99321,3.34,0.46,11.7,1747
0.99112,3.11,0.75,11.2,1748
0.9944,3.18,0.47,9.4,1749
0.9914,2.99,0.68,11.9,1750
0.9903,3.46,0.42,11.9,1751
0.9898,3.28,0.36,12.5,1752
0.99711,3.31,0.56,9.8,1753
0.99,3.09,0.37,11.7,1754
0.99129,3.02,0.53,11.4,1755
0.99612,3.43,0.64,9.8,1756
0.9958,3.3,0.54,9.8,1757
0.99392,3.24,0.5,10.1,1758
0.9994,3.24,0.42,9.0,1759
0.99184,3.22,0.5,10.7,1760
0.99296,3.17,0.65,11.0,1761
0.98742,3.31,0.4,13.6,1762
0.9901,3.0,0.38,12.1,1763
0.99,3.19,0.43,11.9,1764
0.9942,3.17,0.62,9.8,1765
0.993,3.42,0.64,10.8,1766
0.9941,3.25,0.4,10.4,1767
0.9927,3.23,0.32,9.5,1768
0.9976,3.01,0.48,9.0,1769
0.9922,3.02,0.38,12.4,1770
0.995,3.38,0.5,12.5,1771
0.99498,3.42,0.44,10.4,1772
0.99668,3.16,0.42,9.3,1773
0.99787,3.47,0.58,10.3,1774
0.99366,3.08,0.55,9.5,1775
0.9915,3.24,0.34,12.5,1776
0.9906,3.0,0.41,12.6,1777
0.9898,3.33,0.44,11.65,1778
0.99577,3.21,0.46,9.2,1779
0.99142,3.17,0.55,10.7,1780
0.9965,3.11,0.53,9.2,1781
0.9986,2.94,0.35,8.8,1782
0.9964,3.14,0.48,10.0,1783
0.99114,3.31,0.58,10.8,1784
0.99066,3.13,0.72,11.2,1785
0.99185,3.37,0.68,11.0,1786
0.9914,3.1,0.46,11.1,1787
0.98954,3.21,0.68,12.5,1788
0.9952,3.29,0.53,10.1,1789
0.99132,3.36,0.59,11.6,1790
0.99334,2.92,0.66,10.3,1791
0.99045,3.18,0.44,12.2,1792
0.9912,3.09,0.53,12.0,1793
0.9932,3.02,0.4,9.0,1794
0.992,3.19,0.44,10.8,1795
0.9942,3.15,0.35,10.2,1796
0.9932,3.14,0.41,10.6,1797
0.99,3.24,0.5,12.1,1798
0.99616,3.23,0.7,10.0,1799
0.99206,3.12,0.44,10.1,1800
0.9936,3.27,0.34,11.3,1801
0.99045,3.1,0.62,11.9,1802
0.99594,3.2,0.45,9.3,1803
0.98959,3.12,0.37,12.8,1804
0.99433,3.23,0.53,10.98,1805
0.99182,3.34,0.46,11.4,1806
0.998,3.15,0.5,10.0,1807
0.99452,3.08,0.52,10.5,1808
0.99076,3.13,0.63,12.5,1809
0.9976,3.1,0.62,9.2,1810
0.9966,3.04,0.35,9.4,1812
0.99605,3.13,0.65,9.9,1813
0.9998,3.36,0.41,9.1,1814
0.99035,3.26,0.44,12.4,1815
0.99111,3.28,0.48,12.1,1816
0.9922,3.35,0.47,12.1,1817
0.9914,3.27,0.74,11.4,1818
0.99537,3.1,0.47,9.4,1819
0.99,3.24,0.45,12.9,1820
0.99178,3.1,0.55,11.0,1821
0.9999,3.21,0.36,8.6,1822
0.9921,3.08,0.37,10.4,1823
0.99328,2.96,0.52,11.0,1824
0.99353,3.13,0.46,8.7,1825
0.99566,2.93,0.62,9.5,1826
0.9925,3.32,0.4,10.8,1827
0.994,2.85,0.46,9.5,1828
0.9962,3.32,0.41,10.4,1829
0.99534,3.08,0.36,9.3,1830
0.99109,3.02,0.51,11.0,1831
0.994,3.27,0.31,10.4,1832
0.99158,3.48,0.6,11.0,1833
0.9955,3.14,0.42,9.5,1834
0.9967,3.23,0.47,9.2,1835
0.9918,3.07,0.43,10.4,1836
0.9943,3.13,0.62,11.2,1837
0.99212,3.47,0.46,10.5,1838
0.996,3.23,0.37,9.2,1839
0.9904,3.22,0.69,11.2,1840
0.995,3.2,0.41,9.9,1841
0.9966,3.05,0.61,9.5,1842
0.9934,3.47,0.4,10.2,1843
0.9917,3.23,0.47,11.2,1844
0.9912,3.41,0.41,11.1,1845
0.99782,3.07,0.45,9.2,1846
0.9922,3.12,0.38,10.5,1847
0.9974,3.04,0.53,8.9,1848
0.99004,3.02,0.52,11.9,1849
0.99523,3.02,0.56,10.5,1850
0.99906,3.08,0.46,8.8,1851
0.99714,3.07,0.61,9.4,1852
0.99053,3.27,0.69,11.4,1853
0.9994,3.34,0.67,8.8,1854
0.99458,3.34,0.48,10.6,1855
0.99002,3.0,0.45,12.4,1856
0.99332,3.12,0.44,10.7,1857
0.99572,3.17,0.46,9.1,1858
0.99412,3.14,0.34,12.5,1859
0.99408,3.19,0.44,13.0,1860
0.9958,3.21,0.34,9.2,1861
0.9908,2.99,0.39,11.3,1862
0.99362,3.06,0.38,10.8,1863
0.99398,2.86,0.35,9.0,1864
0.9946,3.32,0.54,9.4,1865
0.99225,3.39,0.69,10.9,1866
0.9985,3.37,0.57,10.2,1867
0.98915,3.22,0.38,12.8,1868
0.9915,2.89,0.5,10.6,1869
0.99146,3.22,0.72,11.3,1870
0.9928,3.29,0.47,12.0,1871
0.9943,3.03,0.42,10.7,1872
0.9932,3.15,0.38,11.8,1873
0.9932,3.14,0.76,10.0,1875
0.99047,3.11,0.38,11.4,1876
0.99056,3.29,0.46,13.0,1877
0.9924,3.41,0.51,10.5,1878
0.9941,3.27,0.45,10.3,1879
0.98956,3.06,0.33,12.0,1880
0.9959,3.17,0.43,10.6,1881
0.99228,3.19,0.49,10.8,1882
0.9903,3.37,0.42,12.9,1883
0.9926,3.19,0.7,10.1,1884
0.99582,3.18,0.5,9.4,1885
0.9938,3.22,0.45,11.0,1886
0.98964,3.46,0.4,13.2,1887
0.9952,3.14,0.35,9.5,1888
0.9979,3.48,0.75,9.9,1889
0.99162,3.18,0.45,11.3,1890
0.99026,3.5,0.39,11.2,1891
0.998275,3.39,0.6,10.5,1892
0.9914,3.07,0.47,11.0,1893
0.9964,3.36,0.54,10.0,1894
0.99576,3.22,0.45,9.4,1895
0.9927,3.22,0.64,10.0,1896
0.99173,3.18,0.65,11.1,1897
0.9952,3.04,0.37,10.1,1898
0.9908,3.26,0.54,12.3,1899
0.9936,3.09,0.43,9.2,1900
0.98819,3.08,0.42,13.7,1901
0.99043,3.03,0.54,11.4,1902
0.99341,3.32,0.44,9.5,1904
0.99587,3.31,0.59,10.4,1905
0.9955,3.1,0.37,9.0,1906
0.9944,3.44,0.61,10.2,1907
0.99628,3.04,0.47,9.4,1908
0.9914,3.06,0.45,11.3,1909
0.9913,3.05,0.44,11.8,1910
0.9929,3.17,0.66,10.9,1911
0.993,3.12,0.5,9.6,1912
0.99461,3.17,0.44,9.8,1913
0.99622,3.14,0.6,9.7,1914
0.993,3.42,0.51,10.1,1915
0.9932,3.03,0.4,10.3,1916
0.99342,3.27,0.51,10.2,1917
0.99429,3.16,0.48,8.4,1918
0.997,3.15,0.47,10.0,1919
0.98918,3.16,0.37,12.4,1920
0.99074,3.24,0.46,10.6,1921
0.99194,3.27,0.48,11.2,1922
0.99512,3.21,0.36,9.4,1923
0.9962,3.13,0.45,8.9,1924
0.993,3.1,0.42,10.9,1925
0.993,3.32,0.5,10.4,1926
0.9946,3.15,0.6,10.2,1927
0.9926,3.36,0.34,9.9,1928
0.99604,3.22,0.49,9.2,1929
0.99232,3.23,0.64,10.4,1930
0.9964,3.15,0.55,10.2,1931
0.99792,2.96,0.39,9.0,1932
0.998,2.98,0.4,9.1,1933
0.99166,3.1,0.38,10.2,1934
0.9986,3.07,0.53,9.1,1935
0.99,3.05,0.28,12.1,1936
0.992,3.0,0.6,10.4,1937
0.9935,3.06,0.38,12.0,1938
0.99287,3.1,0.54,11.0,1939
0.9969,3.06,0.61,9.2,1940
0.98906,3.25,0.52,13.7,1941
0.9956,3.39,0.58,9.9,1942
0.9966,3.33,0.76,10.0,1943
0.9986,3.03,0.57,8.7,1944
0.9938,3.3,0.53,10.7,1945
0.99898,3.18,0.49,9.7,1946
0.9927,3.25,0.63,11.0,1947
0.99772,3.24,0.47,9.0,1948
0.99007,3.15,0.31,12.4,1949
0.9928,3.32,0.56,10.4,1950
0.9915,3.27,0.55,11.4,1951
0.9921,3.39,0.59,10.9,1952
0.9967,3.17,0.44,8.8,1953
0.9919,3.27,0.37,11.6,1954
0.9954,3.25,0.54,10.4,1955
0.99287,3.14,0.48,9.9,1956
0.9986,3.1,0.5,9.2,1957
0.99552,3.05,0.65,10.4,1958
0.9936,3.18,0.55,9.4,1959
0.9992,3.03,0.46,9.2,1960
0.99128,3.08,0.38,11.4,1961
0.9972,3.22,0.42,10.5,1962
0.99513,3.14,0.52,9.8,1963
0.997,3.4,0.42,9.9,1964
0.9963,3.07,0.4,9.4,1965
0.9984,3.09,0.46,9.0,1966
0.993,3.13,0.55,10.9,1967
0.99543,3.21,0.43,9.4,1968
0.9928,3.21,0.35,12.2,1969
0.9938,3.21,0.48,10.8,1970
0.99494,2.94,0.51,8.8,1971
1.0,3.27,0.48,8.8,1972
0.9921,3.29,0.46,11.6,1973
0.99125,3.46,0.43,11.1,1974
0.99318,3.11,0.5,11.0,1975
0.99807,2.94,0.41,8.8,1976
0.9893,3.0,0.47,12.2,1977
0.9951,3.39,0.62,10.7,1978
0.9956,3.16,0.47,8.9,1979
0.99718,3.05,0.5,9.5,1980
0.99144,3.08,0.4,10.5,1981
0.9909,3.27,0.34,12.6,1982
0.998,2.96,0.35,11.6,1983
0.99872,3.18,0.56,9.0,1984
0.99114,3.18,0.4,11.0,1985
0.99403,3.27,0.5,9.9,1986
0.9986,3.14,0.49,9.1,1987
0.9957,3.06,0.47,11.4,1988
0.99306,3.22,0.41,11.6,1989
0.99546,3.02,0.59,10.2,1990
0.994,2.99,0.43,10.0,1991
0.9976,3.31,0.51,9.5,1992
0.9933,3.52,0.43,11.5,1993
0.99296,3.17,0.55,11.2,1994
0.9934,3.36,0.69,11.1,1995
0.9974,3.16,0.39,9.4,1996
0.9951,3.26,0.44,10.1,1997
0.99154,3.19,0.56,11.3,1998
0.99304,3.13,0.4,9.6,1999
0.98867,3.09,0.36,12.8,2000
0.98961,3.05,0.36,12.5,2001
0.9983,3.36,0.4,9.5,2002
0.98965,3.41,0.61,12.4,2003
0.9974,3.14,0.59,9.6,2004
0.99592,3.19,0.54,10.6,2006
0.99122,3.24,0.32,12.2,2007
0.99678,3.28,0.72,10.3,2008
0.9984,3.06,0.45,9.1,2009
0.9986,2.94,0.35,9.4,2010
0.9952,3.04,0.44,9.6,2011
0.9986,3.1,0.5,9.2,2012
0.9968,3.08,0.54,9.3,2013
0.99534,3.16,0.4,10.2,2014
0.9974,3.32,0.46,9.5,2015
0.9939,3.36,0.61,9.9,2016
0.9901,3.13,0.38,11.6,2017
0.99021,3.17,0.27,13.6,2018
0.9967,3.23,0.47,9.2,2019
0.9899,3.16,0.48,12.7,2020
0.9946,3.56,0.44,10.8,2021
0.9949,3.35,0.48,10.5,2022
0.9934,3.45,0.49,10.7,2023
0.9917,3.48,0.44,10.7,2024
0.99808,3.0,0.52,9.0,2025
0.99066,2.99,0.47,12.1,2026
0.996,3.16,0.4,9.3,2027
0.991,3.29,0.62,12.3,2028
0.99663,3.14,0.4,9.5,2029
0.9975,3.0,0.44,9.1,2030
0.9919,3.41,0.53,11.0,2031
0.99558,3.14,0.55,9.8,2032
0.9986,3.1,0.5,9.2,2033
0.99119,2.99,0.3,12.2,2034
0.9998,3.27,0.5,9.6,2035
0.98948,3.35,0.38,12.5,2036
