fixed_acidity,volatile_acidity,citric_acid,residual_sugar,chlorides,free_sulfur_dioxide,total_sulfur_dioxide,id
7.5,0.33,0.32,11.1,0.036,25.0,119.0,0
6.3,0.27,0.29,12.2,0.044,59.0,196.0,1
7.0,0.3,0.51,13.6,0.05,40.0,168.0,2
7.4,0.38,0.27,7.5,0.041,24.0,160.0,3
8.1,0.12,0.38,0.9,0.034,36.0,86.0,4
6.6,0.2,0.38,7.9,0.052,30.0,145.0,5
7.3,0.26,0.36,5.2,0.04,31.0,141.0,6
6.9,0.32,0.17,7.6,0.042,69.0,219.0,7
8.5,0.18,0.3,1.1,0.028,34.0,95.0,8
7.2,0.27,0.28,15.2,0.046,6.0,41.0,9
6.7,0.3,0.45,10.6,0.032,56.0,212.0,10
6.7,0.23,0.31,2.1,0.046,30.0,96.0,11
8.6,0.34,0.36,1.4,0.045,11.0,119.0,12
7.4,0.2,0.43,7.8,0.045,27.0,153.0,13
6.7,0.27,0.26,2.3,0.043,61.0,181.0,14
7.1,0.24,0.41,17.8,0.046,39.0,145.0,15
6.7,0.25,0.34,12.85,0.048,30.0,161.0,16
6.8,0.37,0.51,11.8,0.044,62.0,163.0,17
6.5,0.35,0.38,7.4,0.036,20.0,196.0,18
8.3,0.28,0.27,17.5,0.045,48.0,253.0,19
6.2,0.35,0.25,18.4,0.051,28.0,182.0,20
7.1,0.29,0.34,7.8,0.036,49.0,128.0,21
5.6,0.185,0.19,7.1,0.048,36.0,110.0,22
7.0,0.32,0.35,1.5,0.039,24.0,125.0,23
7.6,0.26,0.47,1.6,0.068,5.0,55.0,24
7.7,0.39,0.3,5.2,0.037,29.0,131.0,25
7.4,0.19,0.49,9.3,0.03,26.0,132.0,26
6.2,0.15,0.46,1.6,0.039,38.0,123.0,27
7.2,0.23,0.38,14.3,0.058,55.0,194.0,28
8.1,0.26,0.33,11.1,0.052,52.5,158.0,29
6.8,0.15,0.3,5.3,0.05,40.0,127.0,30
5.0,0.33,0.16,1.5,0.049,10.0,97.0,31
6.3,0.27,0.25,5.8,0.038,52.0,155.0,32
7.5,0.28,0.34,4.2,0.028,36.0,116.0,33
6.0,0.39,0.13,1.2,0.042,60.0,172.0,34
6.1,0.3,0.3,2.1,0.031,50.0,163.0,35
7.1,0.2,0.3,0.9,0.019,4.0,28.0,36
7.0,0.35,0.3,6.5,0.028,27.0,87.0,37
6.5,0.36,0.28,3.2,0.037,29.0,119.0,38
7.6,0.28,0.49,20.15,0.06,30.0,145.0,39
6.7,0.36,0.28,8.3,0.034,29.0,81.0,40
8.3,0.3,0.36,10.0,0.042,33.0,169.0,41
6.8,0.29,0.32,1.8,0.032,18.0,130.0,42
6.4,0.2,0.22,7.4,0.032,53.0,172.0,43
7.3,0.25,0.36,13.1,0.05,35.0,200.0,44
6.5,0.18,0.34,1.6,0.04,43.0,148.0,45
7.3,0.26,0.53,12.7,0.047,60.5,156.0,46
7.0,0.14,0.4,1.7,0.035,16.0,85.0,47
7.0,0.28,0.39,8.7,0.051,32.0,141.0,48
7.7,0.24,0.3,1.4,0.041,15.0,102.0,49
7.9,0.22,0.38,8.0,0.043,46.0,152.0,50
8.5,0.25,0.27,4.7,0.031,31.0,92.0,51
7.4,0.22,0.26,8.8,0.027,23.0,112.0,52
6.4,0.43,0.27,1.1,0.054,5.0,110.0,53
5.6,0.16,0.27,1.4,0.044,53.0,168.0,54
5.9,0.32,0.28,4.7,0.039,34.0,94.0,55
7.2,0.21,0.34,1.1,0.046,25.0,80.0,56
8.3,0.22,0.38,14.8,0.054,32.0,126.0,57
6.3,0.2,0.18,10.6,0.045,57.0,159.0,58
7.7,0.31,0.26,7.8,0.031,23.0,90.0,59
7.9,0.37,0.3,2.7,0.029,64.0,158.0,60
7.4,0.16,0.3,13.7,0.056,33.0,168.0,61
6.3,0.23,0.22,3.75,0.039,37.0,116.0,62
7.0,0.2,0.31,8.0,0.05,29.0,213.0,63
5.9,0.18,0.28,5.1,0.039,50.0,139.0,64
7.4,0.19,0.31,14.5,0.045,39.0,193.0,65
6.3,0.36,0.2,2.0,0.048,48.0,191.0,66
6.6,0.17,0.26,7.4,0.052,45.0,128.0,67
5.8,0.28,0.34,2.2,0.037,24.0,125.0,68
6.8,0.28,0.36,7.0,0.043,60.0,207.0,69
6.7,0.21,0.48,14.8,0.05,31.0,195.0,70
6.1,0.27,0.43,7.5,0.049,65.0,243.0,71
6.8,0.26,0.22,7.7,0.047,57.0,210.0,72
8.6,0.36,0.26,11.1,0.03,43.5,171.0,73
6.4,0.42,0.46,8.4,0.05,58.0,180.0,74
6.0,0.34,0.29,6.1,0.046,29.0,134.0,75
6.3,0.21,0.29,11.7,0.048,49.0,147.0,76
6.8,0.26,0.4,7.5,0.046,45.0,179.0,77
8.6,0.31,0.3,0.9,0.045,16.0,109.0,78
8.0,0.27,0.25,19.1,0.045,50.0,208.0,79
7.4,0.18,0.31,1.4,0.058,38.0,167.0,80
7.4,0.33,0.26,15.6,0.049,67.0,210.0,81
5.3,0.395,0.07,1.3,0.035,26.0,102.0,82
6.3,0.2,0.26,12.7,0.046,60.0,143.0,83
7.6,0.27,0.29,2.5,0.059,37.0,115.0,84
7.1,0.25,0.31,2.3,0.05,32.0,156.0,85
7.0,0.3,0.38,14.9,0.032,60.0,181.0,86
6.9,0.4,0.17,12.9,0.033,59.0,186.0,87
6.4,0.26,0.21,8.2,0.05,51.0,182.0,88
5.3,0.165,0.24,1.1,0.051,25.0,105.0,89
6.3,0.24,0.29,1.6,0.052,48.0,185.0,90
7.8,0.27,0.35,1.2,0.05,36.0,140.0,91
5.8,0.3,0.27,1.7,0.014,45.0,104.0,92
6.8,0.25,0.28,5.0,0.035,42.0,126.0,93
6.3,0.36,0.5,8.3,0.053,51.0,202.0,94
7.7,0.34,0.28,11.0,0.04,31.0,117.0,95
8.4,0.17,0.31,5.4,0.052,47.0,150.0,96
7.3,0.25,0.28,1.5,0.043,19.0,113.0,97
6.5,0.24,0.38,1.0,0.027,31.0,90.0,98
6.7,0.47,0.34,8.9,0.043,31.0,172.0,99
6.7,0.19,0.36,1.1,0.026,63.0,143.0,100
7.9,0.29,0.39,6.7,0.036,6.0,117.0,101
7.0,0.15,0.34,1.4,0.039,21.0,177.0,102
6.6,0.21,0.39,2.3,0.041,31.0,102.0,103
5.9,0.25,0.25,11.3,0.052,30.0,165.0,104
7.5,0.31,0.51,14.8,0.039,62.0,204.0,105
6.4,0.15,0.29,1.8,0.044,21.0,115.0,106
7.5,0.13,0.38,1.1,0.023,42.0,104.0,107
6.8,0.14,0.18,1.4,0.047,30.0,90.0,108
7.2,0.24,0.29,2.2,0.037,37.0,102.0,109
6.9,0.32,0.3,1.8,0.036,28.0,117.0,110
6.4,0.24,0.32,14.9,0.047,54.0,162.0,111
7.3,0.24,0.39,3.6,0.024,35.0,116.0,112
7.0,0.24,0.3,12.3,0.035,72.0,172.0,113
7.3,0.22,0.26,1.5,0.04,32.0,172.0,114
5.7,0.4,0.35,5.1,0.026,17.0,113.0,115
7.0,0.39,0.24,1.0,0.048,8.0,119.0,116
6.7,0.28,0.28,2.4,0.012,36.0,100.0,117
8.1,0.33,0.36,7.4,0.037,36.0,156.0,118
6.9,0.2,0.37,6.2,0.027,24.0,97.0,119
7.3,0.2,0.29,19.5,0.039,69.0,237.0,120
7.4,0.24,0.36,2.0,0.031,27.0,139.0,121
6.6,0.24,0.33,10.1,0.032,8.0,81.0,122
5.2,0.24,0.15,7.1,0.043,32.0,134.0,123
6.6,0.23,0.3,14.9,0.051,33.0,118.0,124
6.8,0.32,0.28,4.8,0.034,25.0,100.0,125
5.9,0.3,0.29,1.1,0.036,23.0,56.0,126
5.8,0.42,0.3,2.2,0.035,26.0,129.0,127
8.1,0.26,0.27,4.3,0.03,43.0,123.0,128
7.4,0.24,0.26,1.6,0.058,53.0,150.0,129
7.2,0.16,0.29,1.0,0.031,40.0,123.0,130
6.1,0.3,0.56,2.7,0.046,46.0,184.0,131
6.7,0.13,0.28,1.2,0.046,35.0,140.0,132
8.5,0.17,0.31,1.0,0.024,13.0,91.0,133
7.0,0.2,0.35,8.8,0.037,31.0,103.0,134
5.6,0.26,0.0,10.2,0.038,13.0,111.0,135
6.9,0.3,0.25,3.3,0.041,26.0,124.0,136
6.4,0.16,0.22,1.4,0.04,41.0,149.0,137
6.4,0.16,0.31,5.3,0.043,42.0,157.0,138
7.0,0.29,0.49,3.8,0.047,37.0,136.0,139
8.1,0.43,0.42,6.6,0.033,36.0,141.0,140
7.5,0.32,0.37,1.2,0.048,22.0,184.0,141
6.8,0.44,0.2,16.0,0.065,61.0,186.0,142
6.6,0.22,0.36,5.5,0.029,30.0,105.0,143
6.9,0.28,0.41,1.4,0.016,6.0,55.0,144
5.5,0.375,0.38,1.7,0.036,17.0,98.0,145
6.6,0.17,0.26,7.4,0.052,45.0,128.0,146
5.6,0.15,0.26,5.55,0.051,51.0,139.0,147
5.8,0.34,0.21,7.2,0.041,48.0,146.0,148
6.2,0.235,0.34,1.9,0.036,4.0,117.0,149
5.9,0.24,0.34,2.0,0.037,40.0,108.0,150
7.6,0.18,0.46,10.2,0.055,58.0,135.0,151
6.0,0.2,0.33,1.1,0.039,45.0,126.0,152
6.8,0.17,0.17,5.1,0.049,26.0,82.0,153
6.1,0.34,0.29,2.2,0.036,25.0,100.0,154
8.3,0.4,0.38,1.1,0.038,15.0,75.0,155
8.5,0.24,0.39,10.4,0.044,20.0,142.0,156
6.5,0.26,0.39,1.4,0.02,12.0,66.0,157
7.4,0.34,0.28,12.1,0.049,31.0,149.0,158
7.6,0.13,0.34,9.3,0.062,40.0,126.0,159
6.5,0.16,0.33,4.8,0.043,45.0,114.0,160
6.6,0.21,0.5,8.7,0.036,41.0,191.0,161
6.8,0.46,0.26,2.7,0.042,28.0,83.0,162
8.3,0.28,0.4,7.8,0.041,38.0,194.0,163
6.6,0.31,0.38,16.05,0.058,16.0,165.0,164
7.1,0.23,0.39,13.7,0.058,26.0,172.0,165
6.6,0.23,0.3,4.6,0.06,29.0,154.0,166
6.6,0.295,0.24,1.6,0.039,29.0,140.0,167
6.9,0.34,0.36,1.4,0.032,13.0,145.0,168
6.2,0.21,0.18,11.6,0.044,61.0,155.0,169
7.0,0.4,0.25,1.8,0.05,51.0,189.0,170
6.8,0.27,0.3,13.0,0.047,69.0,160.0,171
7.3,0.21,0.21,1.6,0.046,35.0,133.0,172
7.1,0.36,0.37,4.8,0.019,39.0,114.0,173
6.6,0.17,0.38,1.5,0.032,28.0,112.0,174
5.7,0.27,0.16,9.0,0.053,32.0,111.0,175
5.6,0.26,0.27,10.6,0.03,27.0,119.0,176
6.1,0.37,0.46,12.0,0.042,61.0,210.0,177
6.1,0.27,0.31,1.5,0.035,17.0,83.0,178
8.0,0.37,0.32,1.6,0.04,32.0,166.0,179
6.9,0.4,0.37,8.9,0.053,36.0,148.0,180
6.0,0.23,0.34,1.3,0.025,23.0,111.0,181
6.9,0.36,0.34,4.2,0.018,57.0,119.0,182
8.0,0.17,0.29,2.4,0.029,52.0,119.0,183
6.0,0.24,0.34,1.0,0.036,52.0,184.0,184
7.8,0.29,0.36,7.0,0.042,38.0,161.0,185
6.3,0.32,0.26,12.3,0.044,24.0,205.0,186
5.6,0.235,0.29,1.2,0.047,33.0,127.0,187
5.4,0.205,0.16,12.55,0.051,31.0,115.0,188
6.2,0.25,0.54,7.0,0.046,58.0,176.0,189
7.7,0.18,0.3,1.2,0.046,49.0,199.0,190
6.6,0.16,0.34,1.1,0.037,41.0,115.0,191
7.6,0.23,0.34,1.6,0.043,24.0,129.0,192
7.6,0.2,0.34,1.8,0.041,42.0,148.0,193
6.6,0.37,0.07,1.4,0.048,58.0,144.0,194
7.0,0.2,0.34,5.7,0.035,32.0,83.0,195
5.9,0.32,0.19,14.5,0.042,37.0,115.0,196
7.6,0.18,0.28,7.1,0.041,29.0,110.0,197
7.0,0.34,0.26,10.3,0.041,51.0,166.0,198
5.7,0.39,0.25,4.9,0.033,49.0,113.0,199
7.4,0.2,0.37,1.2,0.028,28.0,89.0,200
6.1,0.3,0.47,1.4,0.049,50.0,187.0,201
6.9,0.3,0.21,15.7,0.056,49.0,159.0,202
6.9,0.19,0.35,5.0,0.067,32.0,150.0,203
6.7,0.46,0.27,5.2,0.039,35.0,96.0,204
6.5,0.29,0.26,7.0,0.04,18.0,113.0,205
7.0,0.23,0.42,18.05,0.05,35.0,144.0,206
6.4,0.17,0.27,9.9,0.047,26.0,101.0,207
6.9,0.28,0.41,1.7,0.05,10.0,136.0,208
6.7,0.12,0.36,2.3,0.039,43.0,125.0,209
6.0,0.3,0.33,2.1,0.042,31.0,127.0,210
6.9,0.44,0.18,11.8,0.051,26.0,126.0,211
7.4,0.21,0.27,1.2,0.041,27.0,99.0,212
6.4,0.35,0.51,7.8,0.055,53.0,177.0,213
6.7,0.19,0.23,6.2,0.047,36.0,117.0,214
6.5,0.29,0.52,7.9,0.049,35.0,192.0,215
7.2,0.29,0.53,18.15,0.047,59.0,182.0,216
7.6,0.2,0.3,14.2,0.056,53.0,212.5,217
7.1,0.2,0.31,6.85,0.053,32.0,211.0,218
7.4,0.33,0.26,15.6,0.049,67.0,210.0,219
7.1,0.12,0.32,9.6,0.054,64.0,162.0,220
7.0,0.2,0.33,4.7,0.03,25.0,76.0,221
6.6,0.26,0.56,15.4,0.053,32.0,141.0,222
6.9,0.24,0.36,20.8,0.031,40.0,139.0,223
7.1,0.36,0.24,1.8,0.025,32.0,102.0,224
6.9,0.32,0.15,8.1,0.046,51.0,180.0,225
6.5,0.2,0.35,3.9,0.04,27.0,140.0,226
7.5,0.19,0.49,1.6,0.047,42.0,140.0,227
8.1,0.28,0.39,1.9,0.029,18.0,79.0,228
7.7,0.38,0.23,10.8,0.03,28.0,95.0,229
7.4,0.18,0.3,10.4,0.045,44.0,174.0,230
7.4,0.26,0.37,9.4,0.047,42.0,147.0,231
7.7,0.42,0.38,8.1,0.061,49.0,144.0,232
6.4,0.27,0.49,7.3,0.046,53.0,206.0,233
6.6,0.24,0.38,12.75,0.034,8.0,74.0,234
8.7,0.15,0.3,1.6,0.046,29.0,130.0,235
7.8,0.26,0.49,3.1,0.045,21.0,116.0,236
6.5,0.48,0.02,0.9,0.043,32.0,99.0,237
5.9,0.31,0.3,7.7,0.047,60.0,206.0,238
6.5,0.19,0.1,1.3,0.046,23.0,107.0,239
7.6,0.19,0.32,18.75,0.047,32.0,193.0,240
8.1,0.24,0.38,4.3,0.044,49.0,172.0,241
7.3,0.2,0.39,2.3,0.048,24.0,87.0,242
6.5,0.21,0.28,1.4,0.046,26.0,66.0,243
5.2,0.38,0.26,7.7,0.053,20.0,103.0,244
6.1,0.38,0.47,1.4,0.051,59.0,210.0,245
7.0,0.21,0.34,8.5,0.033,31.0,253.0,246
6.9,0.35,0.55,11.95,0.038,22.0,111.0,247
6.1,0.27,0.32,6.2,0.048,47.0,161.0,248
6.8,0.23,0.32,1.6,0.026,43.0,147.0,249
6.4,0.27,0.29,10.8,0.028,17.0,118.0,250
8.1,0.3,0.49,8.1,0.037,26.0,174.0,251
7.4,0.22,0.28,9.0,0.046,22.0,121.0,252
6.7,0.22,0.39,1.2,0.049,26.0,152.0,253
5.9,0.445,0.26,1.4,0.027,23.0,109.0,254
6.2,0.17,0.3,1.1,0.037,14.0,79.0,255
6.5,0.18,0.34,1.6,0.04,43.0,148.0,256
7.8,0.445,0.56,1.0,0.04,8.0,84.0,257
5.0,0.33,0.23,11.8,0.03,23.0,158.0,258
7.1,0.2,0.34,16.0,0.05,51.0,166.0,259
6.5,0.28,0.28,20.4,0.041,40.0,144.0,260
7.4,0.18,0.36,13.1,0.056,72.0,163.0,261
7.3,0.23,0.34,9.3,0.052,19.0,86.0,262
8.0,0.24,0.36,1.5,0.047,17.0,129.0,263
6.7,0.31,0.42,6.4,0.057,25.0,148.0,264
6.0,0.38,0.26,6.0,0.034,42.0,134.0,265
6.8,0.31,0.09,1.4,0.04,56.0,145.0,266
6.6,0.38,0.15,4.6,0.044,25.0,78.0,267
5.9,0.24,0.26,12.3,0.053,34.0,134.0,268
8.0,0.34,0.25,6.4,0.035,38.0,103.0,269
6.9,0.38,0.32,8.5,0.044,36.0,152.0,270
7.6,0.29,0.49,9.6,0.03,45.0,197.0,271
7.8,0.23,0.28,4.75,0.042,45.0,166.0,272
6.6,0.34,0.27,6.2,0.059,23.0,136.0,273
6.4,0.26,0.21,8.2,0.05,51.0,182.0,274
6.7,0.17,0.37,2.0,0.039,34.0,125.0,275
7.3,0.4,0.24,6.7,0.058,41.0,166.0,276
6.2,0.23,0.38,1.6,0.044,12.0,113.0,277
6.8,0.4,0.29,2.8,0.044,27.0,97.0,278
6.5,0.23,0.2,7.5,0.05,44.0,179.0,279
6.2,0.21,0.52,6.5,0.047,28.0,123.0,280
6.9,0.32,0.13,7.8,0.042,11.0,117.0,281
6.4,0.37,0.19,3.5,0.068,18.0,101.0,282
6.9,0.28,0.37,9.1,0.037,16.0,76.0,283
7.0,0.3,0.32,6.4,0.034,28.0,97.0,284
6.5,0.37,0.3,2.2,0.033,39.0,107.0,285
6.4,0.3,0.51,5.5,0.048,62.0,172.0,286
6.3,0.33,0.42,17.2,0.037,57.0,170.0,287
6.7,0.28,0.34,8.9,0.048,32.0,111.0,288
6.5,0.43,0.28,12.0,0.056,23.0,174.0,289
7.8,0.28,0.22,1.4,0.056,24.0,130.0,290
6.8,0.26,0.24,7.8,0.052,54.0,214.0,291
7.5,0.41,0.23,14.8,0.054,28.0,174.0,292
6.6,0.18,0.28,1.7,0.041,53.0,161.0,293
7.1,0.36,0.56,1.3,0.046,25.0,102.0,294
6.7,0.16,0.32,12.5,0.035,18.0,156.0,295
7.0,0.14,0.28,1.3,0.026,10.0,56.0,296
6.4,0.26,0.26,1.1,0.052,22.0,176.0,297
5.1,0.165,0.22,5.7,0.047,42.0,146.0,298
7.6,0.27,0.24,3.8,0.058,19.0,115.0,299
7.5,0.32,0.49,1.7,0.031,44.0,109.0,300
7.2,0.29,0.18,8.2,0.042,41.0,180.0,301
7.6,0.27,0.52,3.2,0.043,28.0,152.0,302
7.6,0.37,0.34,3.2,0.028,42.0,162.0,303
7.2,0.32,0.36,2.0,0.033,37.0,114.0,304
7.4,0.29,0.28,10.2,0.032,43.0,138.0,305
7.2,0.22,0.28,7.2,0.06,41.0,132.0,306
6.6,0.34,0.4,8.1,0.046,68.0,170.0,307
6.4,0.25,0.32,11.3,0.038,69.0,192.0,308
7.2,0.24,0.3,1.2,0.037,11.0,95.0,309
5.2,0.21,0.31,1.7,0.048,17.0,61.0,310
7.6,0.33,0.41,13.7,0.045,44.0,197.0,311
5.9,0.24,0.3,2.0,0.033,28.0,92.0,312
8.8,0.17,0.38,1.8,0.04,39.0,148.0,313
6.2,0.23,0.36,17.2,0.039,37.0,130.0,314
6.3,0.33,0.27,1.2,0.046,34.0,175.0,315
7.3,0.32,0.48,13.3,0.06,57.0,196.0,316
6.2,0.3,0.26,13.4,0.046,57.0,206.0,317
7.3,0.34,0.39,5.2,0.04,45.0,163.0,318
6.0,0.19,0.26,12.4,0.048,50.0,147.0,319
7.9,0.22,0.24,4.6,0.044,39.0,159.0,320
7.1,0.32,0.32,11.0,0.038,16.0,66.0,321
7.2,0.31,0.46,5.0,0.04,3.0,29.0,322
7.9,0.36,0.53,12.9,0.049,63.0,139.0,323
8.0,0.42,0.36,5.0,0.037,34.0,101.0,324
5.6,0.28,0.4,6.1,0.034,36.0,118.0,325
6.9,0.19,0.31,19.25,0.043,38.0,167.0,326
6.9,0.15,0.29,2.3,0.033,14.0,82.0,327
7.2,0.24,0.4,1.4,0.045,31.0,106.0,328
6.6,0.25,0.3,14.4,0.052,40.0,183.0,329
6.2,0.27,0.32,6.3,0.048,47.0,159.0,330
6.3,0.23,0.3,1.8,0.033,16.0,91.0,331
6.6,0.18,0.28,1.7,0.041,53.0,161.0,332
6.7,0.44,0.31,1.9,0.03,41.0,104.0,333
6.6,0.41,0.31,1.6,0.042,18.0,101.0,334
7.8,0.43,0.49,13.0,0.033,37.0,158.0,335
6.9,0.19,0.32,7.9,0.042,30.0,130.0,336
6.7,0.16,0.34,1.6,0.026,27.0,109.0,337
6.8,0.16,0.4,2.3,0.037,18.0,102.0,338
5.8,0.26,0.3,2.6,0.034,75.0,129.0,339
7.0,0.28,0.33,14.6,0.043,47.0,168.0,340
8.0,0.2,0.4,5.2,0.055,41.0,167.0,341
7.5,0.26,0.52,13.2,0.047,64.0,179.0,342
8.1,0.24,0.32,10.5,0.03,34.0,105.0,343
6.6,0.25,0.25,1.3,0.04,28.0,85.0,344
5.7,0.245,0.33,1.1,0.049,28.0,150.0,345
8.4,0.32,0.35,11.7,0.029,3.0,46.0,346
7.1,0.26,0.31,2.2,0.044,29.0,128.0,347
7.8,0.28,0.31,2.1,0.046,28.0,208.0,348
7.3,0.26,0.32,1.2,0.041,29.0,94.0,349
6.3,0.23,0.33,6.9,0.052,23.0,118.0,350
6.5,0.17,0.31,1.5,0.041,34.0,121.0,351
6.1,0.27,0.44,6.7,0.041,61.0,230.0,352
6.5,0.28,0.29,2.7,0.038,26.0,107.0,353
8.7,0.45,0.4,1.5,0.067,17.0,100.0,354
5.9,0.3,0.3,2.0,0.03,38.0,142.0,355
6.1,0.35,0.07,1.4,0.069,22.0,108.0,356
6.1,0.28,0.3,7.75,0.031,33.0,139.0,357
6.4,0.25,0.33,1.4,0.04,42.0,115.0,358
8.4,0.18,0.42,5.1,0.036,7.0,77.0,359
6.9,0.27,0.41,1.7,0.047,6.0,134.0,360
6.1,0.34,0.21,5.0,0.042,17.0,133.0,361
6.0,0.34,0.29,6.1,0.046,29.0,134.0,362
6.5,0.2,0.31,2.1,0.033,32.0,95.0,363
8.2,0.2,0.49,3.5,0.057,14.0,108.0,364
7.6,0.2,0.3,14.2,0.056,53.0,212.5,365
5.8,0.34,0.16,7.0,0.037,26.0,116.0,366
6.1,0.22,0.28,16.55,0.059,54.0,135.0,367
8.3,0.2,0.49,1.7,0.04,34.0,169.0,368
6.3,0.3,0.34,1.6,0.049,14.0,132.0,369
6.3,0.22,0.34,5.0,0.032,36.0,93.0,370
6.0,0.28,0.27,2.3,0.051,23.0,147.0,371
8.0,0.45,0.36,8.8,0.026,50.0,151.0,372
6.8,0.3,0.22,6.2,0.06,41.0,190.0,373
7.0,0.32,0.34,1.3,0.042,20.0,69.0,374
7.3,0.23,0.41,14.6,0.048,73.0,223.0,375
6.8,0.34,0.1,1.4,0.049,29.0,118.0,376
7.3,0.17,0.36,8.2,0.028,44.0,111.0,377
6.6,0.15,0.32,6.0,0.033,59.0,128.0,378
7.8,0.15,0.24,7.7,0.047,21.0,98.0,379
6.7,0.24,0.41,8.7,0.036,29.0,148.0,380
6.4,0.29,0.21,9.65,0.041,36.0,119.0,381
5.9,0.23,0.3,12.9,0.054,57.0,170.0,382
6.5,0.28,0.35,15.4,0.042,55.0,195.0,383
7.5,0.33,0.28,4.9,0.042,21.0,155.0,384
7.8,0.29,0.36,7.0,0.042,38.0,161.0,385
7.8,0.24,0.38,2.1,0.058,14.0,167.0,386
6.9,0.25,0.35,9.2,0.034,42.0,150.0,387
6.9,0.25,0.35,9.2,0.034,42.0,150.0,388
6.9,0.25,0.4,1.3,0.038,22.0,101.0,389
6.1,0.27,0.28,9.8,0.042,61.0,125.0,390
6.4,0.14,0.31,1.2,0.034,53.0,138.0,391
5.8,0.19,0.33,4.2,0.038,49.0,133.0,392
5.9,0.29,0.32,1.4,0.022,17.0,47.0,393
7.4,0.3,0.49,8.2,0.055,49.0,188.0,394
6.0,0.3,0.44,1.5,0.046,15.0,182.0,395
7.5,0.25,0.32,8.2,0.024,53.0,209.0,396
7.3,0.41,0.29,1.8,0.032,26.0,74.0,397
7.3,0.22,0.5,13.7,0.049,56.0,189.0,398
7.9,0.22,0.49,3.8,0.042,26.0,105.0,399
6.1,0.36,0.41,19.35,0.07,67.0,207.0,400
7.4,0.16,0.27,15.5,0.05,25.0,135.0,401
8.0,0.23,0.46,1.5,0.03,30.0,125.0,402
6.7,0.19,0.39,1.0,0.032,14.0,71.0,403
5.3,0.23,0.56,0.9,0.041,46.0,141.0,404
7.2,0.16,0.35,1.2,0.031,27.0,84.0,405
6.4,0.15,0.44,1.2,0.043,67.0,150.0,406
7.3,0.19,0.25,1.4,0.051,41.0,107.0,407
8.0,0.34,0.49,9.0,0.033,39.0,180.0,408
7.9,0.2,0.39,1.0,0.041,37.0,154.0,409
5.9,0.37,0.32,1.6,0.029,41.0,102.0,410
7.1,0.31,0.25,11.2,0.048,32.0,136.0,411
6.1,0.38,0.2,6.6,0.033,25.0,137.0,412
7.6,0.17,0.27,4.6,0.05,23.0,98.0,413
5.9,0.29,0.16,7.9,0.044,48.0,197.0,414
6.9,0.18,0.38,6.5,0.039,20.0,110.0,415
7.0,0.15,0.28,14.7,0.051,29.0,149.0,416
7.0,0.21,0.42,5.3,0.037,36.0,123.0,417
6.8,0.26,0.34,15.1,0.06,42.0,162.0,418
7.9,0.29,0.36,11.1,0.033,43.0,208.0,419
7.8,0.25,0.34,13.7,0.044,66.0,184.0,420
5.7,0.26,0.25,10.4,0.02,7.0,57.0,421
6.0,0.16,0.22,1.6,0.042,36.0,106.0,422
6.4,0.28,0.44,7.1,0.048,49.0,179.0,423
7.3,0.26,0.49,5.0,0.028,32.0,107.0,424
8.8,0.34,0.33,9.7,0.036,46.0,172.0,425
5.2,0.36,0.02,1.6,0.031,24.0,104.0,426
6.8,0.34,0.27,5.2,0.06,14.0,169.0,427
6.9,0.19,0.33,1.6,0.039,27.0,98.0,428
6.4,0.18,0.32,9.6,0.052,24.0,90.0,429
7.4,0.24,0.31,8.4,0.045,52.0,183.0,430
7.8,0.27,0.33,2.4,0.053,36.0,175.0,431
7.5,0.18,0.31,11.7,0.051,24.0,94.0,432
6.5,0.19,0.28,1.4,0.046,22.0,90.0,433
6.8,0.27,0.3,13.0,0.047,69.0,160.0,434
6.2,0.34,0.3,11.1,0.047,28.0,237.0,435
8.1,0.2,0.49,11.8,0.048,46.0,212.0,436
7.2,0.29,0.4,13.6,0.045,66.0,231.0,437
7.2,0.15,0.38,1.2,0.038,18.0,110.0,438
6.9,0.19,0.49,6.6,0.036,49.0,172.0,439
7.0,0.27,0.48,6.1,0.042,60.0,184.0,440
7.4,0.3,0.49,8.2,0.055,49.0,188.0,441
6.7,0.18,0.28,10.2,0.039,29.0,115.0,442
6.5,0.22,0.25,17.1,0.05,44.0,138.0,443
8.6,0.17,0.28,2.7,0.047,38.0,150.0,444
6.9,0.35,0.55,11.95,0.038,22.0,111.0,445
6.3,0.27,0.25,5.8,0.038,52.0,155.0,446
7.1,0.23,0.3,2.6,0.034,62.0,148.0,447
6.0,0.39,0.26,2.7,0.038,39.0,187.0,448
7.6,0.29,0.26,6.5,0.042,32.0,160.0,449
8.6,0.18,0.28,0.8,0.032,25.0,78.0,450
6.0,0.28,0.35,1.9,0.037,16.0,120.0,451
7.3,0.22,0.49,9.4,0.034,29.0,134.0,452
6.4,0.24,0.26,8.2,0.054,47.0,182.0,453
6.6,0.31,0.49,7.7,0.05,52.0,220.0,454
6.4,0.25,0.3,5.5,0.038,15.0,129.0,455
6.2,0.47,0.19,8.3,0.029,24.0,142.0,456
6.1,0.24,0.32,9.0,0.031,41.0,134.0,457
7.9,0.11,0.49,4.5,0.048,27.0,133.0,458
7.4,0.32,0.22,1.7,0.051,50.0,179.0,459
7.1,0.17,0.31,1.6,0.037,15.0,103.0,460
7.2,0.21,0.41,1.3,0.036,33.0,85.0,461
6.0,0.33,0.18,3.0,0.036,5.0,85.0,462
6.3,0.28,0.24,8.45,0.031,32.0,172.0,463
5.9,0.21,0.31,1.8,0.033,45.0,142.0,464
6.5,0.22,0.32,2.2,0.028,36.0,92.0,465
7.1,0.21,0.28,2.7,0.034,23.0,111.0,466
7.1,0.17,0.38,7.4,0.052,49.0,182.0,467
6.3,0.19,0.21,1.8,0.049,35.0,163.0,468
6.7,0.24,0.36,8.4,0.042,42.0,123.0,469
7.0,0.3,0.28,2.2,0.042,21.0,177.0,470
6.6,0.16,0.4,1.5,0.044,48.0,143.0,471
6.4,0.23,0.35,4.6,0.039,43.0,147.0,472
6.9,0.19,0.4,1.4,0.036,14.0,55.0,473
5.6,0.27,0.37,0.9,0.025,11.0,49.0,474
6.7,0.34,0.43,1.6,0.041,29.0,114.0,475
6.8,0.19,0.33,4.9,0.047,42.0,130.0,476
6.6,0.22,0.23,17.3,0.047,37.0,118.0,477
5.5,0.315,0.38,2.6,0.033,10.0,69.0,478
6.2,0.36,0.45,10.4,0.06,22.0,184.0,479
6.7,0.3,0.29,2.8,0.025,37.0,107.0,480
6.9,0.19,0.35,13.5,0.038,49.0,118.0,481
7.1,0.34,0.32,2.0,0.051,29.0,130.0,482
7.0,0.46,0.2,16.7,0.046,50.0,184.0,483
7.1,0.43,0.25,2.8,0.036,43.0,132.0,484
7.2,0.17,0.34,6.4,0.042,16.0,111.0,485
6.6,0.23,0.29,14.45,0.057,29.0,144.0,486
7.5,0.38,0.33,5.0,0.045,30.0,131.0,487
6.8,0.18,0.21,5.4,0.053,34.0,104.0,488
6.5,0.115,0.29,1.95,0.038,73.0,166.0,489
6.5,0.18,0.33,8.0,0.051,16.0,131.0,490
7.2,0.47,0.16,5.9,0.048,14.0,125.0,491
6.0,0.18,0.31,1.4,0.036,14.0,75.0,492
7.0,0.14,0.32,9.0,0.039,54.0,141.0,493
6.7,0.31,0.31,9.9,0.04,10.0,175.0,494
5.0,0.35,0.25,7.8,0.031,24.0,116.0,495
6.8,0.29,0.5,13.3,0.053,48.0,194.0,496
6.2,0.34,0.28,7.5,0.034,40.0,197.0,497
6.9,0.46,0.2,0.9,0.054,5.0,126.0,498
8.6,0.485,0.29,4.1,0.026,19.0,101.0,499
6.0,0.32,0.33,9.9,0.032,22.0,90.0,500
6.0,0.29,0.41,10.8,0.048,55.0,149.0,501
7.4,0.2,0.29,1.7,0.047,16.0,100.0,502
7.0,0.23,0.33,1.0,0.043,46.0,110.0,503
7.6,0.31,0.52,13.2,0.042,61.0,148.0,504
7.2,0.24,0.3,1.2,0.037,11.0,95.0,505
6.8,0.39,0.31,14.35,0.043,28.0,162.0,506
6.4,0.17,0.3,2.8,0.034,33.0,125.0,507
8.2,0.23,0.29,1.8,0.047,47.0,187.0,508
6.7,0.33,0.42,6.4,0.058,27.0,151.0,509
7.3,0.26,0.31,1.6,0.04,39.0,173.0,510
7.2,0.115,0.3,6.8,0.056,26.0,105.0,511
6.5,0.29,0.42,10.6,0.042,66.0,202.0,512
5.5,0.18,0.22,5.5,0.037,10.0,86.0,513
8.3,0.27,0.45,1.3,0.048,8.0,72.0,514
7.0,0.27,0.41,18.75,0.042,34.0,157.0,515
5.6,0.22,0.32,1.2,0.024,29.0,97.0,516
7.1,0.2,0.3,0.9,0.019,4.0,28.0,517
6.4,0.38,0.24,7.2,0.047,41.0,151.0,518
5.6,0.23,0.29,3.1,0.023,19.0,89.0,519
7.6,0.16,0.41,1.9,0.047,27.0,151.0,520
7.6,0.31,0.24,1.8,0.037,39.0,150.0,521
6.3,0.41,0.22,7.3,0.035,23.0,117.0,522
6.3,0.2,0.3,5.9,0.034,35.0,152.0,523
7.6,0.27,0.32,1.2,0.043,23.0,72.0,524
5.5,0.28,0.21,1.6,0.032,23.0,85.0,525
6.7,0.2,0.3,1.4,0.025,17.0,76.0,526
7.2,0.31,0.41,8.6,0.053,15.0,89.0,527
7.4,0.3,0.22,5.25,0.053,33.0,180.0,528
7.4,0.28,0.3,5.3,0.054,44.0,161.0,529
7.8,0.4,0.26,9.5,0.059,32.0,178.0,530
8.3,0.19,0.49,1.2,0.051,11.0,137.0,531
6.7,0.36,0.28,8.3,0.034,29.0,81.0,532
6.8,0.32,0.37,3.4,0.023,19.0,87.0,533
8.2,0.23,0.4,1.2,0.027,36.0,121.0,534
6.6,0.28,0.41,7.0,0.046,59.0,194.0,535
7.2,0.24,0.4,17.85,0.049,50.0,185.0,536
7.3,0.26,0.33,11.8,0.057,48.0,127.0,537
7.0,0.27,0.29,3.9,0.059,28.0,199.0,538
7.0,0.21,0.34,8.5,0.033,31.0,253.0,539
7.8,0.13,0.3,1.8,0.04,43.0,179.0,540
6.6,0.35,0.19,10.5,0.06,15.0,82.0,541
5.5,0.335,0.3,2.5,0.071,27.0,128.0,542
6.5,0.26,0.32,6.65,0.059,34.0,104.0,543
5.6,0.12,0.33,2.9,0.044,21.0,73.0,544
7.4,0.27,0.49,1.1,0.037,33.0,156.0,545
7.6,0.29,0.26,6.5,0.042,32.0,160.0,546
6.5,0.34,0.46,1.0,0.023,6.0,80.0,547
5.9,0.2,0.23,1.5,0.037,38.0,93.0,548
5.9,0.37,0.3,1.5,0.033,35.0,95.0,549
6.9,0.29,0.16,6.8,0.034,65.0,212.0,550
6.3,0.37,0.28,6.3,0.034,45.0,152.0,551
6.4,0.2,0.32,3.1,0.041,18.0,126.0,552
5.8,0.3,0.33,3.5,0.033,25.0,116.0,553
7.5,0.23,0.29,2.6,0.031,24.0,98.0,554
6.8,0.38,0.29,9.9,0.037,40.0,146.0,555
6.0,0.2,0.25,2.0,0.041,30.0,95.0,556
6.5,0.23,0.36,16.3,0.038,43.0,133.0,557
6.1,0.3,0.47,1.4,0.049,50.0,187.0,558
7.0,0.21,0.28,8.7,0.045,37.0,222.0,559
7.1,0.22,0.32,16.9,0.056,49.0,158.0,560
6.0,0.2,0.24,1.8,0.03,30.0,105.0,561
8.7,0.23,0.32,13.4,0.044,35.0,169.0,562
6.2,0.12,0.34,1.5,0.045,43.0,117.0,563
6.0,0.2,0.38,1.3,0.034,37.0,104.0,564
7.8,0.32,0.31,1.7,0.036,46.0,195.0,565
6.1,0.27,0.25,1.8,0.041,9.0,109.0,566
7.9,0.19,0.45,1.5,0.045,17.0,96.0,567
5.6,0.26,0.18,1.4,0.034,18.0,135.0,568
6.6,0.36,0.52,11.3,0.046,8.0,110.0,569
6.2,0.23,0.36,17.2,0.039,37.0,130.0,570
7.2,0.25,0.39,18.95,0.038,42.0,155.0,571
6.3,0.27,0.18,7.7,0.048,45.0,186.0,572
7.4,0.22,0.33,2.0,0.045,31.0,101.0,573
7.1,0.44,0.27,8.4,0.057,60.0,160.0,574
7.4,0.37,0.26,9.6,0.05,33.0,134.0,575
7.0,0.15,0.38,15.3,0.045,54.0,120.0,576
7.4,0.44,0.2,11.5,0.049,44.0,157.0,577
6.9,0.22,0.49,7.0,0.063,50.0,168.0,578
6.6,0.25,0.36,8.1,0.045,54.0,180.0,579
6.5,0.18,0.48,18.0,0.054,56.0,183.0,580
6.6,0.25,0.51,8.0,0.047,61.0,189.0,581
7.2,0.17,0.28,17.55,0.05,33.0,154.0,582
6.1,0.27,0.31,1.5,0.035,17.0,83.0,583
7.2,0.24,0.34,1.1,0.045,3.0,64.0,584
8.2,0.42,0.29,4.1,0.03,31.0,100.0,585
6.5,0.22,0.19,1.1,0.064,36.0,191.0,586
6.8,0.23,0.3,6.95,0.044,42.0,179.0,587
6.9,0.16,0.3,9.6,0.057,50.0,185.0,588
5.7,0.25,0.26,12.5,0.049,52.5,106.0,589
7.5,0.28,0.41,1.3,0.044,11.0,126.0,590
6.9,0.2,0.28,1.2,0.048,36.0,159.0,591
5.9,0.2,0.28,12.8,0.038,29.0,132.0,592
6.6,0.23,0.18,8.5,0.044,59.0,188.0,593
6.2,0.34,0.29,7.6,0.047,45.0,232.0,594
6.7,0.18,0.24,10.3,0.057,64.0,185.0,595
6.8,0.16,0.36,1.3,0.034,32.0,98.0,596
6.2,0.33,0.19,5.6,0.042,22.0,143.0,597
7.7,0.23,0.31,10.7,0.038,59.0,186.0,598
6.9,0.24,0.33,1.7,0.035,47.0,136.0,599
7.4,0.19,0.49,6.7,0.037,15.0,110.0,600
7.1,0.23,0.39,1.6,0.032,12.0,65.0,601
6.4,0.46,0.08,4.9,0.046,34.0,144.0,602
6.5,0.3,0.27,4.0,0.038,37.0,97.0,603
6.7,0.34,0.54,16.3,0.047,44.0,181.0,604
6.6,0.29,0.31,3.9,0.027,39.0,96.0,605
6.0,0.29,0.41,10.8,0.048,55.0,149.0,606
6.0,0.24,0.28,3.95,0.038,61.0,134.0,607
5.7,0.45,0.42,1.1,0.051,61.0,197.0,608
6.1,0.19,0.25,4.0,0.023,23.0,112.0,609
7.3,0.2,0.29,19.9,0.039,69.0,237.0,610
7.1,0.39,0.39,11.1,0.034,25.0,204.0,611
6.3,0.25,0.53,1.8,0.021,41.0,101.0,612
8.0,0.37,0.31,4.7,0.038,3.0,127.0,613
7.2,0.26,0.32,10.4,0.062,23.0,114.0,614
6.6,0.15,0.34,5.1,0.055,34.0,125.0,615
6.8,0.25,0.24,1.6,0.045,39.0,164.0,616
6.5,0.3,0.29,2.25,0.037,8.0,210.0,617
5.8,0.25,0.26,13.1,0.051,44.0,148.0,618
7.1,0.34,0.31,5.2,0.032,36.0,140.0,619
6.4,0.41,0.24,14.0,0.048,24.0,113.0,620
6.2,0.16,0.47,1.4,0.029,23.0,81.0,621
7.4,0.29,0.48,12.8,0.037,61.5,182.0,622
8.5,0.25,0.31,2.8,0.032,11.0,61.0,623
5.6,0.25,0.19,2.4,0.049,42.0,166.0,624
6.8,0.43,0.26,5.2,0.043,40.0,176.0,625
7.4,0.27,0.26,11.8,0.053,55.0,173.0,626
7.1,0.28,0.26,1.9,0.049,12.0,86.0,627
6.7,0.34,0.3,15.6,0.054,51.0,196.0,628
8.0,0.3,0.36,11.0,0.034,8.0,70.0,629
7.1,0.28,0.19,7.8,0.04,48.0,184.0,630
7.1,0.17,0.38,7.4,0.052,49.0,182.0,631
6.0,0.26,0.29,1.0,0.032,27.0,96.0,632
7.3,0.24,0.34,15.4,0.05,38.0,174.0,633
6.7,0.46,0.21,4.0,0.034,12.0,88.0,634
6.8,0.26,0.48,6.2,0.049,55.0,182.0,635
7.1,0.37,0.3,6.2,0.04,49.0,139.0,636
7.1,0.13,0.29,15.5,0.064,56.0,115.5,637
7.1,0.25,0.3,2.4,0.042,25.0,122.0,638
6.4,0.31,0.28,1.5,0.037,12.0,119.0,639
7.1,0.21,0.4,1.2,0.069,24.0,156.0,640
6.5,0.24,0.19,1.2,0.041,30.0,111.0,641
6.9,0.29,0.23,8.6,0.056,56.0,215.0,642
5.3,0.275,0.24,7.4,0.038,28.0,114.0,643
7.9,0.14,0.28,1.8,0.041,44.0,178.0,644
7.4,0.16,0.3,13.7,0.056,33.0,168.0,645
7.5,0.305,0.4,18.9,0.059,44.0,170.0,646
7.1,0.27,0.28,1.25,0.023,3.0,89.0,647
6.6,0.28,0.41,7.0,0.046,59.0,194.0,648
5.9,0.44,0.33,1.2,0.049,12.0,117.0,649
6.5,0.35,0.31,10.2,0.069,58.0,170.0,650
6.8,0.26,0.29,11.9,0.052,54.0,160.0,651
6.9,0.28,0.4,8.2,0.036,15.0,95.0,652
6.4,0.35,0.28,1.6,0.037,31.0,113.0,653
6.3,0.24,0.29,13.7,0.035,53.0,134.0,654
7.5,0.24,0.31,13.0,0.049,46.0,217.0,655
6.8,0.19,0.33,4.9,0.047,42.0,130.0,656
5.6,0.185,0.49,1.1,0.03,28.0,117.0,657
7.5,0.42,0.19,6.9,0.041,62.0,150.0,658
6.5,0.2,0.24,9.2,0.044,25.0,150.0,659
6.2,0.29,0.29,5.6,0.046,35.0,178.0,660
5.1,0.26,0.33,1.1,0.027,46.0,113.0,661
7.5,0.28,0.33,7.7,0.048,42.0,180.0,662
6.5,0.25,0.45,7.8,0.048,52.0,188.0,663
6.2,0.2,0.25,15.0,0.055,8.0,120.0,664
8.0,0.25,0.49,1.2,0.061,27.0,117.0,665
7.4,0.24,0.42,14.0,0.066,48.0,198.0,666
6.0,0.21,0.3,8.7,0.036,47.0,127.0,667
5.7,0.18,0.22,4.2,0.042,25.0,111.0,668
6.9,0.24,0.34,4.7,0.04,43.0,161.0,669
6.0,0.19,0.29,1.1,0.047,67.0,152.0,670
6.3,0.3,0.48,7.4,0.053,34.0,149.0,671
7.0,0.21,0.31,6.0,0.046,29.0,108.0,672
8.3,0.14,0.45,1.5,0.039,18.0,98.0,673
5.6,0.12,0.33,2.9,0.044,21.0,73.0,674
7.8,0.22,0.26,9.0,0.047,38.0,132.0,675
6.6,0.31,0.07,1.5,0.033,55.0,144.0,676
6.4,0.17,0.34,13.4,0.044,45.0,139.0,677
7.9,0.21,0.39,2.0,0.057,21.0,138.0,678
8.3,0.14,0.26,1.5,0.049,56.0,189.0,679
6.7,0.14,0.46,1.6,0.036,15.0,92.0,680
7.4,0.24,0.42,14.0,0.066,48.0,198.0,681
5.9,0.28,0.14,8.6,0.032,30.0,142.0,682
5.8,0.18,0.28,1.3,0.034,9.0,94.0,683
7.1,0.31,0.5,14.5,0.059,6.0,148.0,684
7.8,0.34,0.27,1.2,0.04,25.0,106.0,685
6.1,0.17,0.28,4.5,0.033,46.0,150.0,686
6.5,0.22,0.25,17.1,0.05,44.0,138.0,687
7.2,0.14,0.32,1.1,0.022,48.0,116.0,688
5.8,0.335,0.14,5.8,0.046,49.0,197.0,689
5.1,0.14,0.25,0.7,0.039,15.0,89.0,690
7.7,0.43,0.28,4.5,0.046,33.0,102.0,691
7.5,0.28,0.39,10.2,0.045,59.0,209.0,692
6.4,0.105,0.29,1.1,0.035,44.0,140.0,693
6.4,0.28,0.45,8.6,0.057,47.0,223.0,694
8.6,0.16,0.38,3.4,0.04,41.0,143.0,695
6.9,0.34,0.49,7.3,0.045,61.0,206.0,696
6.7,0.3,0.44,18.5,0.057,65.0,224.0,697
6.0,0.36,0.06,1.4,0.066,27.0,128.0,698
7.0,0.24,0.25,1.7,0.042,48.0,189.0,699
7.0,0.24,0.18,1.3,0.046,9.0,62.0,700
6.7,0.18,0.3,6.4,0.048,40.0,251.0,701
5.8,0.32,0.23,1.5,0.033,39.0,121.0,702
6.8,0.16,0.29,10.4,0.046,59.0,143.0,703
6.0,0.26,0.29,3.1,0.041,37.0,144.0,704
7.5,0.22,0.32,2.4,0.045,29.0,100.0,705
7.0,0.12,0.28,6.3,0.057,17.0,103.0,706
6.2,0.345,0.27,10.1,0.056,38.0,187.0,707
5.7,0.22,0.22,16.65,0.044,39.0,110.0,708
6.9,0.35,0.39,2.4,0.048,25.0,157.0,709
6.6,0.32,0.33,2.5,0.052,40.0,210.0,710
6.6,0.26,0.27,1.5,0.04,19.0,114.0,711
8.4,0.16,0.33,1.5,0.033,16.0,98.0,712
7.2,0.33,0.28,1.4,0.034,26.0,109.0,713
5.0,0.2,0.4,1.9,0.015,20.0,98.0,714
6.8,0.41,0.3,8.8,0.045,28.0,131.0,715
6.5,0.2,0.5,18.1,0.054,50.0,221.0,716
6.1,0.3,0.56,2.8,0.044,47.0,179.0,717
6.0,0.41,0.23,1.1,0.066,22.0,148.0,718
7.1,0.26,0.32,16.2,0.044,31.0,170.0,719
5.6,0.15,0.31,5.3,0.038,8.0,79.0,720
6.4,0.22,0.34,1.4,0.023,56.0,115.0,721
7.8,0.18,0.31,12.2,0.053,46.0,140.0,722
6.1,0.34,0.24,18.35,0.05,33.0,184.0,723
7.0,0.36,0.14,11.6,0.043,35.0,228.0,724
6.0,0.19,0.26,12.4,0.048,50.0,147.0,725
6.5,0.25,0.27,17.4,0.064,29.0,140.0,726
6.6,0.24,0.28,1.8,0.028,39.0,132.0,727
6.2,0.2,0.31,1.0,0.031,22.0,73.0,728
5.8,0.28,0.18,1.2,0.058,7.0,108.0,729
7.0,0.24,0.51,11.0,0.029,55.0,227.0,730
6.8,0.18,0.28,9.8,0.039,29.0,113.0,731
6.7,0.29,0.45,14.3,0.054,30.0,181.0,732
6.8,0.25,0.18,1.4,0.056,13.0,137.0,733
6.6,0.36,0.52,10.1,0.05,29.0,140.0,734
6.4,0.29,0.2,15.6,0.04,20.0,142.0,735
6.1,0.22,0.49,1.5,0.051,18.0,87.0,736
8.0,0.26,0.28,4.8,0.05,34.0,150.0,737
8.6,0.26,0.41,2.2,0.049,29.0,111.0,738
6.4,0.31,0.53,8.8,0.057,36.0,221.0,739
7.2,0.16,0.26,7.1,0.054,41.0,224.0,740
6.5,0.21,0.37,2.5,0.048,70.0,138.0,741
7.2,0.47,0.16,5.9,0.048,14.0,125.0,742
6.6,0.25,0.39,1.45,0.04,40.0,89.0,743
6.8,0.33,0.3,2.1,0.047,35.0,147.0,744
8.5,0.2,0.4,1.1,0.046,31.0,106.0,745
7.4,0.105,0.34,12.2,0.05,57.0,146.0,746
7.4,0.2,0.35,6.1,0.025,10.0,40.0,747
5.9,0.12,0.28,1.4,0.037,36.0,83.0,748
5.1,0.33,0.22,1.6,0.027,18.0,89.0,749
5.9,0.28,0.34,3.6,0.04,50.0,194.0,750
6.3,0.21,0.33,13.9,0.046,68.0,179.0,751
6.3,0.29,0.23,14.2,0.037,24.0,99.0,752
5.9,0.27,0.27,5.0,0.035,14.0,97.0,753
6.2,0.22,0.28,2.2,0.04,24.0,125.0,754
5.8,0.2,0.16,1.4,0.042,44.0,99.0,755
6.1,0.28,0.27,4.7,0.03,56.0,140.0,756
6.6,0.27,0.33,1.4,0.042,24.0,183.0,757
5.8,0.18,0.37,1.1,0.036,31.0,96.0,758
7.2,0.36,0.36,5.7,0.038,26.0,98.0,759
7.0,0.36,0.35,2.5,0.048,67.0,161.0,760
8.6,0.33,0.34,11.8,0.059,42.0,240.0,761
6.5,0.26,0.24,10.8,0.042,47.0,130.0,762
6.8,0.24,0.38,8.3,0.045,50.0,185.0,763
6.8,0.18,0.46,1.4,0.064,37.0,160.0,764
7.2,0.24,0.27,11.4,0.034,40.0,174.0,765
7.0,0.15,0.28,14.7,0.051,29.0,149.0,766
6.5,0.36,0.31,13.55,0.053,20.0,113.0,767
6.5,0.3,0.39,7.8,0.038,61.0,219.0,768
6.6,0.26,0.22,18.15,0.05,23.0,139.0,769
8.0,0.29,0.49,11.7,0.035,40.0,131.0,770
7.1,0.29,0.28,9.3,0.048,50.0,141.0,771
7.0,0.32,0.24,6.2,0.048,31.0,228.0,772
7.1,0.25,0.28,1.6,0.052,46.0,169.0,773
5.7,0.4,0.35,5.1,0.026,17.0,113.0,774
7.4,0.19,0.3,12.8,0.053,48.5,229.0,775
5.7,0.28,0.3,3.9,0.026,36.0,105.0,776
7.3,0.34,0.3,1.3,0.057,25.0,173.0,777
6.3,0.41,0.18,3.5,0.027,23.0,109.0,778
6.1,0.32,0.33,10.7,0.036,27.0,98.0,779
6.7,0.3,0.29,2.8,0.025,37.0,107.0,780
7.0,0.32,0.29,4.9,0.036,41.0,150.0,781
5.2,0.24,0.45,3.8,0.027,21.0,128.0,782
6.6,0.42,0.33,2.8,0.034,15.0,85.0,783
7.6,0.2,0.39,2.6,0.044,30.0,180.0,784
7.3,0.38,0.23,6.5,0.05,18.0,102.0,785
5.7,0.22,0.22,16.65,0.044,39.0,110.0,786
6.4,0.14,0.28,7.9,0.057,21.0,82.0,787
7.2,0.17,0.34,6.4,0.042,16.0,111.0,788
7.0,0.24,0.24,1.8,0.047,29.0,91.0,789
8.4,0.31,0.31,0.95,0.021,52.0,148.0,790
6.2,0.25,0.25,1.4,0.03,35.0,105.0,791
6.2,0.22,0.49,6.0,0.029,31.0,128.0,792
6.9,0.19,0.33,1.6,0.043,63.0,149.0,793
6.7,0.24,0.26,12.6,0.053,44.0,182.0,794
7.8,0.32,0.33,10.4,0.031,47.0,194.0,795
7.9,0.14,0.45,1.8,0.05,17.0,114.0,796
6.7,0.28,0.31,7.4,0.041,7.0,81.0,797
8.8,0.28,0.45,6.0,0.022,14.0,49.0,798
5.5,0.3,0.25,1.9,0.029,33.0,118.0,799
5.0,0.29,0.54,5.7,0.035,54.0,155.0,800
6.5,0.22,0.19,1.1,0.064,36.0,191.0,801
7.1,0.43,0.3,6.6,0.025,15.0,138.0,802
6.0,0.14,0.37,1.2,0.032,63.0,148.0,803
6.7,0.16,0.28,2.5,0.046,40.0,153.0,804
5.9,0.32,0.26,1.5,0.057,17.0,141.0,805
6.6,0.16,0.3,1.6,0.034,15.0,78.0,806
6.8,0.35,0.32,2.4,0.048,35.0,103.0,807
8.3,0.2,0.35,0.9,0.05,12.0,74.0,808
6.2,0.35,0.31,2.6,0.036,37.0,92.0,809
6.7,0.24,0.35,13.1,0.05,64.0,205.0,810
6.1,0.41,0.14,10.4,0.037,18.0,119.0,811
7.1,0.44,0.23,5.8,0.035,24.0,100.0,812
7.0,0.23,0.35,1.4,0.036,31.0,113.0,813
7.5,0.35,0.28,9.6,0.051,26.0,157.0,814
6.7,0.24,0.33,12.3,0.046,31.0,145.0,815
6.5,0.425,0.4,13.1,0.038,59.0,241.0,816
7.2,0.15,0.39,1.8,0.043,21.0,159.0,817
7.4,0.35,0.24,6.0,0.042,28.0,123.0,818
7.1,0.28,0.19,7.8,0.04,48.0,184.0,819
7.9,0.34,0.44,6.5,0.027,47.0,126.0,820
5.8,0.3,0.38,4.9,0.039,22.0,86.0,821
7.4,0.32,0.22,11.7,0.035,44.0,150.0,822
8.2,0.15,0.48,2.7,0.052,24.0,190.0,823
7.2,0.21,0.36,15.7,0.045,68.0,183.0,824
6.8,0.27,0.26,16.1,0.049,55.0,196.0,825
6.8,0.12,0.3,12.9,0.049,32.0,88.0,826
6.8,0.16,0.18,1.8,0.046,31.0,114.0,827
7.3,0.32,0.35,1.4,0.05,8.0,163.0,828
7.0,0.17,0.31,4.8,0.034,34.0,132.0,829
7.4,0.28,0.49,1.5,0.034,20.0,126.0,830
5.7,0.2,0.24,13.8,0.047,44.0,112.0,831
7.2,0.34,0.34,12.6,0.048,7.0,41.0,832
7.0,0.31,0.31,9.1,0.036,45.0,140.0,833
8.0,0.18,0.37,1.3,0.04,15.0,96.0,834
6.8,0.23,0.31,2.8,0.047,40.0,122.0,835
7.3,0.18,0.29,1.2,0.044,12.0,143.0,836
6.8,0.31,0.32,7.6,0.052,35.0,143.0,837
7.0,0.23,0.42,1.1,0.062,35.0,100.0,838
4.8,0.17,0.28,2.9,0.03,22.0,111.0,839
6.2,0.28,0.27,10.3,0.03,26.0,108.0,840
8.6,0.31,0.3,0.9,0.045,16.0,109.0,841
5.9,0.46,0.14,2.7,0.042,27.0,160.0,842
7.8,0.3,0.37,1.3,0.051,16.0,96.0,843
6.6,0.33,0.4,2.65,0.041,35.0,86.0,844
6.8,0.475,0.33,3.95,0.047,16.0,81.0,845
5.8,0.23,0.2,2.0,0.043,39.0,154.0,846
7.4,0.16,0.31,6.85,0.059,31.0,131.0,847
7.8,0.3,0.29,16.85,0.054,23.0,135.0,848
7.5,0.42,0.14,10.7,0.046,18.0,95.0,849
8.4,0.18,0.42,5.1,0.036,7.0,77.0,850
6.3,0.34,0.52,6.3,0.047,63.0,186.0,851
7.4,0.29,0.29,1.6,0.045,53.0,180.0,852
6.6,0.32,0.22,16.7,0.046,38.0,133.0,853
7.1,0.46,0.23,13.7,0.045,44.0,192.0,854
7.2,0.29,0.2,7.7,0.046,51.0,174.0,855
7.4,0.25,0.29,6.8,0.02,31.0,113.0,856
6.4,0.25,0.41,8.6,0.042,57.0,173.0,857
6.1,0.32,0.28,6.6,0.021,29.0,132.0,858
6.3,0.32,0.32,1.5,0.037,12.0,76.0,859
6.3,0.48,0.48,1.8,0.035,35.0,96.0,860
6.3,0.27,0.49,1.2,0.063,35.0,92.0,861
6.2,0.25,0.47,11.6,0.048,62.0,210.0,862
6.4,0.38,0.24,7.2,0.047,41.0,151.0,863
6.8,0.11,0.27,8.6,0.044,45.0,104.0,864
5.6,0.34,0.1,1.3,0.031,20.0,68.0,865
6.9,0.25,0.26,5.2,0.024,36.0,135.0,866
7.4,0.36,0.32,1.9,0.036,27.0,119.0,867
7.0,0.31,0.26,7.4,0.069,28.0,160.0,868
6.3,0.25,0.44,11.6,0.041,48.0,195.0,869
7.0,0.2,0.4,1.1,0.058,30.0,93.0,870
6.9,0.28,0.22,10.0,0.052,36.0,131.0,871
5.3,0.36,0.27,6.3,0.028,40.0,132.0,872
6.4,0.24,0.32,0.95,0.041,23.0,131.0,873
6.0,0.34,0.32,3.8,0.044,13.0,116.0,874
6.0,0.25,0.28,7.7,0.053,37.0,132.0,875
6.8,0.32,0.3,1.0,0.049,22.0,113.0,876
7.0,0.31,0.26,7.4,0.069,28.0,160.0,877
6.0,0.26,0.15,1.2,0.053,35.0,124.0,878
8.8,0.2,0.28,1.1,0.018,18.0,72.0,879
6.2,0.25,0.54,7.0,0.046,58.0,176.0,880
6.0,0.28,0.24,17.8,0.047,42.0,111.0,881
6.9,0.22,0.39,6.0,0.035,44.0,141.0,882
6.7,0.23,0.33,1.8,0.036,23.0,96.0,883
7.7,0.26,0.31,1.3,0.043,47.0,155.0,884
6.1,0.34,0.27,2.6,0.024,20.0,105.0,885
6.1,0.24,0.27,9.8,0.062,33.0,152.0,886
6.9,0.3,0.36,4.5,0.054,31.0,203.0,887
7.3,0.3,0.25,2.5,0.045,32.0,122.0,888
7.5,0.24,0.31,13.1,0.05,26.0,180.0,889
7.3,0.41,0.24,6.8,0.057,41.0,163.0,890
8.1,0.31,0.24,1.6,0.032,10.0,67.0,891
7.2,0.2,0.3,2.0,0.039,43.0,188.0,892
7.0,0.23,0.42,5.1,0.042,37.0,144.0,893
7.0,0.22,0.24,11.0,0.041,75.0,167.0,894
7.2,0.21,0.35,14.5,0.048,35.0,178.0,895
6.0,0.35,0.46,0.9,0.033,9.0,65.0,896
6.8,0.2,0.27,1.2,0.034,19.0,68.0,897
5.6,0.13,0.27,4.8,0.028,22.0,104.0,898
7.0,0.2,0.34,2.1,0.049,12.0,136.0,899
8.2,0.3,0.44,12.4,0.043,52.0,154.0,900
7.5,0.19,0.49,1.8,0.055,19.0,110.0,901
6.1,0.3,0.3,2.1,0.031,50.0,163.0,902
6.7,0.21,0.36,8.55,0.02,20.0,86.0,903
6.7,0.26,0.49,8.1,0.052,48.0,197.0,904
6.0,0.26,0.5,2.2,0.048,59.0,153.0,905
6.15,0.21,0.37,3.2,0.021,20.0,80.0,906
6.5,0.3,0.27,4.0,0.038,37.0,97.0,907
6.2,0.31,0.23,3.3,0.052,34.0,113.0,908
6.8,0.27,0.37,8.2,0.055,52.0,192.0,909
6.8,0.19,0.23,5.1,0.034,71.0,204.0,910
8.0,0.23,0.41,1.1,0.048,35.0,150.0,911
6.0,0.22,0.33,12.2,0.033,25.0,97.0,912
7.6,0.345,0.26,1.9,0.043,15.0,134.0,913
6.5,0.33,0.38,2.5,0.047,30.0,148.0,914
6.6,0.26,0.29,1.4,0.039,13.0,67.0,915
5.5,0.17,0.23,2.9,0.039,10.0,108.0,916
7.2,0.34,0.3,8.4,0.051,40.0,167.0,917
6.6,0.3,0.25,8.0,0.036,21.0,124.0,918
7.1,0.31,0.38,1.2,0.036,10.0,124.0,919
6.4,0.28,0.36,1.3,0.053,28.0,186.0,920
6.8,0.26,0.33,1.5,0.047,44.0,167.0,921
7.0,0.12,0.29,10.3,0.039,41.0,98.0,922
7.2,0.19,0.27,11.2,0.061,46.0,149.0,923
5.6,0.225,0.24,9.8,0.054,59.0,140.0,924
6.2,0.255,0.27,1.3,0.037,30.0,86.0,925
7.0,0.13,0.3,5.0,0.056,31.0,122.0,926
6.9,0.2,0.3,4.7,0.041,40.0,148.0,927
6.3,0.23,0.5,10.4,0.043,61.0,132.0,928
6.1,0.22,0.31,1.4,0.039,40.0,129.0,929
7.0,0.45,0.34,19.8,0.04,12.0,67.0,930
7.8,0.3,0.4,1.8,0.028,23.0,122.0,931
8.3,0.18,0.3,1.1,0.033,20.0,57.0,932
7.7,0.27,0.34,1.8,0.028,26.0,168.0,933
6.7,0.3,0.5,12.1,0.045,38.0,127.0,934
5.7,0.31,0.29,7.3,0.05,33.0,143.0,935
7.7,0.26,0.51,2.6,0.045,26.0,159.0,936
7.6,0.27,0.34,5.0,0.04,18.0,56.0,937
7.6,0.3,0.27,10.6,0.039,31.0,119.0,938
7.1,0.2,0.35,3.2,0.034,21.0,107.0,939
7.2,0.21,0.31,10.5,0.035,36.0,122.0,940
7.3,0.25,0.27,3.8,0.047,16.0,79.0,941
6.5,0.37,0.3,2.2,0.033,39.0,107.0,942
6.8,0.31,0.42,6.9,0.046,50.0,173.0,943
6.8,0.27,0.42,7.3,0.054,58.0,200.0,944
7.8,0.31,0.4,1.6,0.027,20.0,87.0,945
6.5,0.24,0.32,7.6,0.038,48.0,203.0,946
7.6,0.16,0.44,1.4,0.043,25.0,109.0,947
7.7,0.23,0.31,10.7,0.038,59.0,186.0,948
7.4,0.155,0.34,2.3,0.045,73.5,214.0,949
5.8,0.275,0.3,5.4,0.043,41.0,149.0,950
7.7,0.29,0.48,2.3,0.049,36.0,178.0,951
6.2,0.35,0.2,18.1,0.069,33.0,158.0,952
5.8,0.27,0.27,12.3,0.045,55.0,170.0,953
8.6,0.23,0.25,11.3,0.031,13.0,96.0,954
6.2,0.21,0.26,13.1,0.05,59.0,150.0,955
7.2,0.31,0.5,13.3,0.056,68.0,195.0,956
6.1,0.28,0.26,1.5,0.03,25.0,101.0,957
6.8,0.23,0.42,7.4,0.044,56.0,189.0,958
5.8,0.28,0.3,3.9,0.026,36.0,105.0,959
6.2,0.2,0.33,5.4,0.028,21.0,75.0,960
6.2,0.26,0.19,3.4,0.049,47.0,172.0,961
6.6,0.24,0.28,6.7,0.032,26.0,91.0,962
7.6,0.24,0.44,3.8,0.037,49.0,146.0,963
5.8,0.24,0.26,10.05,0.039,63.0,162.0,964
7.5,0.38,0.33,9.2,0.043,19.0,116.0,965
7.6,0.17,0.27,4.6,0.05,23.0,98.0,966
6.4,0.31,0.26,13.2,0.046,57.0,205.0,967
5.8,0.26,0.18,1.2,0.031,40.0,114.0,968
6.3,0.35,0.26,17.6,0.061,59.0,198.0,969
7.0,0.3,0.28,2.2,0.042,21.0,177.0,970
6.0,0.27,0.32,3.6,0.035,36.0,133.0,971
7.1,0.32,0.24,13.1,0.05,52.0,204.0,972
6.4,0.22,0.49,7.5,0.054,42.0,151.0,973
4.9,0.345,0.34,1.0,0.068,32.0,143.0,974
7.2,0.21,0.29,3.1,0.044,39.0,122.0,975
5.7,0.28,0.24,17.5,0.044,60.0,167.0,976
8.1,0.31,0.36,8.2,0.028,29.0,142.0,977
6.4,0.22,0.32,7.9,0.029,34.0,124.0,978
7.7,0.38,0.4,2.0,0.038,28.0,152.0,979
7.0,0.16,0.25,14.3,0.044,27.0,149.0,980
7.2,0.31,0.5,13.3,0.056,68.0,195.0,981
7.4,0.44,0.2,11.5,0.049,44.0,157.0,982
6.6,0.285,0.49,11.4,0.035,57.0,137.0,983
5.7,0.31,0.28,4.1,0.03,22.0,86.0,984
6.7,0.26,0.51,8.0,0.062,50.0,194.0,985
6.5,0.22,0.25,17.1,0.05,44.0,138.0,986
7.2,0.27,0.27,2.4,0.048,30.0,149.0,987
7.2,0.32,0.47,5.1,0.044,19.0,65.0,988
5.3,0.3,0.16,4.2,0.029,37.0,100.0,989
5.8,0.23,0.31,3.5,0.044,35.0,158.0,990
7.0,0.24,0.24,9.0,0.03,42.0,219.0,991
7.0,0.33,0.28,5.7,0.033,39.0,204.0,992
6.9,0.37,0.23,9.5,0.057,54.0,166.0,993
7.5,0.34,0.24,3.85,0.031,5.0,34.0,994
6.8,0.23,0.4,1.6,0.047,5.0,133.0,995
6.5,0.08,0.33,1.9,0.028,23.0,93.0,996
7.0,0.2,0.3,6.1,0.037,31.0,120.0,997
8.3,0.26,0.41,9.2,0.042,41.0,162.0,998
6.8,0.21,0.36,18.1,0.046,32.0,133.0,999
6.8,0.28,0.35,2.3,0.042,16.0,85.0,1000
5.9,0.27,0.32,2.0,0.034,31.0,102.0,1001
6.8,0.45,0.36,5.0,0.033,28.0,156.0,1002
7.7,0.26,0.34,6.4,0.05,36.0,163.0,1003
7.0,0.22,0.26,1.1,0.037,20.0,71.0,1004
6.3,0.32,0.26,12.0,0.049,63.0,170.0,1005
5.7,0.37,0.3,1.1,0.029,24.0,88.0,1006
7.3,0.32,0.25,7.2,0.056,47.0,180.0,1007
8.3,0.14,0.36,8.8,0.026,13.0,60.0,1008
7.3,0.25,0.36,2.1,0.034,30.0,177.0,1009
7.7,0.46,0.18,3.3,0.054,18.0,143.0,1010
6.4,0.41,0.01,6.1,0.048,20.0,70.0,1011
6.0,0.17,0.21,6.0,0.05,26.0,134.0,1012
7.1,0.36,0.4,1.95,0.033,26.0,118.0,1013
6.4,0.35,0.28,12.6,0.039,19.0,124.0,1014
7.0,0.3,0.49,4.7,0.036,17.0,105.0,1015
7.4,0.35,0.31,17.95,0.062,42.0,187.0,1016
6.2,0.26,0.37,7.1,0.047,54.0,201.0,1017
6.8,0.24,0.4,1.8,0.047,34.0,105.0,1018
6.6,0.28,0.42,8.2,0.044,60.0,196.0,1019
7.0,0.24,0.3,4.2,0.04,41.0,213.0,1020
6.2,0.27,0.43,7.8,0.056,48.0,244.0,1021
7.6,0.2,0.36,1.9,0.043,24.0,111.0,1022
6.8,0.32,0.34,6.0,0.05,5.0,129.0,1023
6.6,0.285,0.49,11.4,0.035,57.0,137.0,1024
6.6,0.24,0.22,12.3,0.051,35.0,146.0,1025
7.2,0.27,0.42,1.6,0.05,35.0,135.0,1026
6.0,0.28,0.49,6.8,0.048,61.0,222.0,1027
5.2,0.34,0.37,6.2,0.031,42.0,133.0,1028
6.3,0.48,0.04,1.1,0.046,30.0,99.0,1029
7.1,0.18,0.42,1.4,0.045,47.0,157.0,1030
7.6,0.19,0.41,1.1,0.04,38.0,143.0,1031
6.3,0.2,0.37,11.8,0.045,58.0,130.0,1032
6.2,0.2,0.25,15.0,0.055,8.0,120.0,1033
6.2,0.28,0.43,13.0,0.039,64.0,233.0,1034
6.4,0.28,0.29,1.6,0.052,34.0,127.0,1035
7.4,0.19,0.42,6.4,0.067,39.0,212.0,1036
5.7,0.14,0.3,5.4,0.045,26.0,105.0,1037
7.9,0.18,0.49,5.2,0.051,36.0,157.0,1038
6.7,0.27,0.3,13.9,0.029,34.0,131.0,1039
7.4,0.31,0.28,1.6,0.05,33.0,137.0,1040
5.9,0.24,0.28,1.3,0.032,36.0,95.0,1041
8.2,0.21,0.48,1.4,0.041,11.0,99.0,1042
7.5,0.29,0.26,14.95,0.067,47.0,178.0,1043
7.2,0.23,0.39,2.3,0.033,29.0,102.0,1044
8.3,0.16,0.37,7.9,0.025,38.0,107.0,1045
6.4,0.25,0.3,5.5,0.038,15.0,129.0,1046
6.3,0.29,0.14,7.05,0.045,50.0,177.0,1047
8.7,0.23,0.32,13.4,0.044,35.0,169.0,1048
6.9,0.38,0.29,13.65,0.048,52.0,189.0,1049
6.3,0.28,0.22,9.5,0.04,30.0,111.0,1050
4.4,0.32,0.39,4.3,0.03,31.0,127.0,1051
6.6,0.36,0.24,0.9,0.038,15.0,72.0,1052
7.8,0.29,0.29,3.15,0.044,41.0,117.0,1053
6.8,0.22,0.31,6.9,0.037,33.0,121.0,1054
5.7,0.22,0.29,3.5,0.04,27.0,146.0,1055
6.6,0.25,0.36,8.1,0.045,54.0,180.0,1056
6.1,0.35,0.24,2.3,0.034,25.0,133.0,1057
6.15,0.21,0.37,3.2,0.021,20.0,80.0,1058
6.6,0.28,0.3,7.8,0.049,57.0,202.0,1059
6.5,0.22,0.27,1.6,0.039,36.0,116.0,1060
7.4,0.27,0.26,11.8,0.053,55.0,173.0,1061
7.2,0.33,0.22,4.5,0.031,10.0,73.0,1062
7.7,0.39,0.28,4.9,0.035,36.0,109.0,1063
7.5,0.31,0.24,7.1,0.031,28.0,141.0,1064
6.4,0.32,0.31,1.9,0.037,34.0,126.0,1065
8.2,0.24,0.3,2.3,0.05,23.0,106.0,1066
6.2,0.37,0.24,6.1,0.032,19.0,86.0,1067
6.6,0.25,0.34,3.0,0.054,22.0,141.0,1068
6.2,0.18,0.3,1.0,0.031,23.0,73.0,1069
7.2,0.21,0.37,1.6,0.049,23.0,94.0,1070
7.4,0.37,0.35,5.7,0.061,12.0,94.0,1071
5.5,0.17,0.23,2.9,0.039,10.0,108.0,1072
5.1,0.35,0.26,6.8,0.034,36.0,120.0,1073
7.4,0.25,0.28,7.25,0.028,14.0,78.0,1074
6.0,0.29,0.2,12.6,0.045,45.0,187.0,1075
5.1,0.42,0.01,1.5,0.017,25.0,102.0,1076
7.3,0.25,0.26,7.2,0.048,52.0,207.0,1077
6.3,0.27,0.18,7.7,0.048,45.0,186.0,1078
6.5,0.23,0.36,16.3,0.038,43.0,133.0,1079
5.8,0.315,0.19,19.4,0.031,28.0,106.0,1080
6.9,0.15,0.28,4.4,0.029,14.0,107.0,1081
6.9,0.23,0.38,8.3,0.047,47.0,162.0,1082
7.7,0.3,0.26,18.95,0.053,36.0,174.0,1083
6.7,0.33,0.34,6.6,0.067,35.0,156.0,1084
6.6,0.14,0.44,1.6,0.042,47.0,140.0,1085
5.6,0.32,0.33,7.4,0.037,25.0,95.0,1086
7.6,0.21,0.44,1.9,0.036,10.0,119.0,1087
6.5,0.3,0.32,2.0,0.044,34.0,90.0,1088
7.7,0.35,0.49,8.65,0.033,42.0,186.0,1089
6.0,0.26,0.42,5.2,0.027,70.0,178.0,1090
5.8,0.3,0.42,1.1,0.036,19.0,113.0,1091
5.9,0.29,0.25,12.0,0.057,48.0,224.0,1092
6.8,0.36,0.32,1.6,0.039,10.0,124.0,1093
5.6,0.255,0.57,10.7,0.056,66.0,171.0,1094
6.4,0.26,0.25,10.7,0.046,66.0,179.0,1095
7.9,0.28,0.49,7.7,0.045,48.0,195.0,1096
8.0,0.22,0.42,14.6,0.044,45.0,163.0,1097
5.5,0.16,0.31,1.2,0.026,31.0,68.0,1098
6.2,0.2,0.28,1.1,0.039,24.0,78.0,1099
7.2,0.14,0.35,1.2,0.036,15.0,73.0,1100
8.1,0.22,0.28,7.7,0.043,57.0,176.0,1101
6.7,0.24,0.29,6.8,0.038,54.0,127.0,1102
8.4,0.3,0.25,17.75,0.047,25.0,218.0,1103
7.0,0.23,0.26,7.2,0.041,21.0,90.0,1104
7.3,0.29,0.37,8.3,0.044,45.0,227.0,1105
6.6,0.31,0.37,6.2,0.052,13.0,164.0,1106
7.2,0.36,0.36,5.7,0.038,26.0,98.0,1107
7.6,0.35,0.46,14.7,0.047,33.0,151.0,1108
5.6,0.18,0.27,1.7,0.03,31.0,103.0,1109
6.3,0.27,0.23,2.9,0.047,13.0,100.0,1110
6.5,0.36,0.16,1.3,0.054,11.0,107.0,1111
7.1,0.45,0.24,2.7,0.04,24.0,87.0,1112
6.9,0.4,0.17,12.9,0.033,59.0,186.0,1113
6.7,0.13,0.57,6.6,0.056,60.0,150.0,1114
6.3,0.26,0.49,1.5,0.052,34.0,134.0,1115
7.3,0.24,0.3,2.5,0.042,31.0,104.0,1116
6.2,0.22,0.2,20.8,0.035,58.0,184.0,1117
6.2,0.16,0.32,1.1,0.036,74.0,184.0,1118
6.6,0.27,0.52,8.1,0.044,53.0,202.0,1119
5.9,0.4,0.32,6.0,0.034,50.0,127.0,1120
5.9,0.13,0.28,1.9,0.05,20.0,78.0,1121
7.0,0.48,0.12,4.5,0.05,23.0,86.0,1122
7.2,0.24,0.36,2.0,0.029,21.0,63.0,1123
7.0,0.22,0.26,2.8,0.036,44.0,132.0,1124
7.5,0.23,0.32,9.2,0.038,54.0,191.0,1125
6.5,0.28,0.28,8.5,0.047,54.0,210.0,1126
5.8,0.29,0.38,10.7,0.038,49.0,136.0,1127
8.2,0.36,0.29,7.6,0.035,37.0,122.0,1128
6.0,0.16,0.36,1.6,0.042,13.0,61.0,1129
7.3,0.19,0.27,1.6,0.027,35.0,136.0,1130
7.2,0.24,0.24,1.7,0.045,18.0,161.0,1131
5.0,0.33,0.16,1.5,0.049,10.0,97.0,1132
6.3,0.25,0.27,6.6,0.054,40.0,158.0,1133
8.0,0.22,0.42,14.6,0.044,45.0,163.0,1134
7.6,0.29,0.29,4.4,0.051,26.0,146.0,1135
6.4,0.28,0.22,12.8,0.039,51.0,150.0,1136
7.4,0.24,0.22,10.7,0.042,26.0,81.0,1137
7.1,0.21,0.31,3.8,0.021,40.0,142.0,1138
7.4,0.25,0.37,2.6,0.05,24.0,132.0,1139
8.0,0.4,0.33,7.7,0.034,27.0,98.0,1140
7.9,0.41,0.37,4.5,0.03,40.0,114.0,1141
7.6,0.17,0.46,0.9,0.036,63.0,147.0,1142
7.1,0.34,0.49,1.5,0.027,26.0,126.0,1143
7.5,0.35,0.48,12.4,0.056,61.0,176.5,1144
6.8,0.19,0.32,7.05,0.019,54.0,188.0,1145
7.5,0.24,0.31,13.1,0.05,26.0,180.0,1146
7.1,0.3,0.46,1.5,0.066,29.0,133.0,1147
6.3,0.18,0.22,1.5,0.043,45.0,155.0,1148
8.3,0.22,0.38,14.8,0.054,32.0,126.0,1149
7.5,0.42,0.2,1.4,0.06,15.0,168.0,1150
6.2,0.21,0.38,6.8,0.036,64.0,245.0,1151
7.9,0.17,0.32,1.6,0.053,47.0,150.0,1152
6.7,0.37,0.25,2.5,0.028,24.0,84.0,1153
7.1,0.39,0.35,12.5,0.044,26.0,72.0,1154
7.4,0.2,0.37,16.95,0.048,43.0,190.0,1155
6.4,0.27,0.45,8.3,0.05,52.0,196.0,1156
5.5,0.21,0.25,1.2,0.04,18.0,75.0,1157
5.3,0.43,0.11,1.1,0.029,6.0,51.0,1158
6.5,0.28,0.27,5.2,0.04,44.0,179.0,1159
5.9,0.23,0.24,1.6,0.037,32.0,115.0,1160
5.6,0.295,0.2,2.2,0.049,18.0,134.0,1161
5.8,0.32,0.31,2.7,0.049,25.0,153.0,1162
6.8,0.23,0.3,1.7,0.043,19.0,95.0,1163
7.7,0.34,0.28,11.0,0.04,31.0,117.0,1164
7.7,0.28,0.24,2.4,0.044,29.0,157.0,1165
5.7,0.16,0.26,6.3,0.043,28.0,113.0,1166
6.4,0.17,0.32,2.4,0.048,41.0,200.0,1167
6.0,0.27,0.31,5.0,0.043,54.0,170.0,1168
7.9,0.18,0.37,1.2,0.04,16.0,75.0,1169
7.6,0.23,0.34,1.6,0.043,24.0,129.0,1170
8.2,0.24,0.49,9.3,0.038,52.0,163.0,1171
7.4,0.39,0.23,7.0,0.033,29.0,126.0,1172
6.1,0.28,0.35,12.8,0.048,63.0,229.0,1173
5.7,0.24,0.47,6.3,0.069,35.0,182.0,1174
5.8,0.15,0.32,1.2,0.037,14.0,119.0,1175
6.9,0.24,0.33,4.8,0.04,16.0,131.0,1176
6.5,0.18,0.33,1.4,0.029,35.0,138.0,1177
7.0,0.14,0.49,5.9,0.053,22.0,118.0,1178
6.0,0.27,0.19,1.7,0.02,24.0,110.0,1179
7.0,0.22,0.28,10.6,0.039,32.0,117.0,1180
6.3,0.17,0.32,4.2,0.04,37.0,117.0,1181
7.0,0.36,0.32,10.05,0.045,37.0,131.0,1182
8.0,0.2,0.44,1.0,0.057,24.0,111.0,1183
5.8,0.27,0.2,7.3,0.04,42.0,145.0,1184
6.2,0.37,0.22,8.3,0.025,36.0,216.0,1185
6.9,0.26,0.27,4.2,0.031,20.0,80.0,1186
6.4,0.26,0.49,6.4,0.037,37.0,161.0,1187
6.3,0.19,0.29,2.0,0.022,33.0,96.0,1188
7.7,0.11,0.34,14.05,0.04,41.0,114.0,1189
6.5,0.18,0.41,14.2,0.039,47.0,129.0,1190
7.4,0.22,0.27,1.6,0.057,45.0,98.0,1191
6.6,0.45,0.43,7.2,0.064,31.0,186.0,1192
6.5,0.32,0.34,5.7,0.044,27.0,91.0,1193
7.0,0.11,0.32,4.6,0.057,59.0,144.0,1194
7.1,0.2,0.27,9.6,0.037,19.0,105.0,1195
6.0,0.28,0.52,6.2,0.028,37.0,104.0,1196
7.6,0.15,0.35,4.3,0.051,23.0,98.0,1197
7.1,0.44,0.37,2.7,0.041,35.0,128.0,1198
6.8,0.21,0.27,18.15,0.042,41.0,146.0,1199
7.4,0.26,0.29,3.7,0.048,14.0,73.0,1200
6.9,0.23,0.4,7.5,0.04,50.0,151.0,1201
7.0,0.16,0.25,14.3,0.044,27.0,149.0,1202
8.0,0.24,0.33,1.2,0.044,28.0,101.0,1203
7.2,0.2,0.38,1.0,0.037,21.0,74.0,1204
8.8,0.34,0.33,9.7,0.036,46.0,172.0,1205
6.4,0.26,0.3,2.2,0.025,33.0,134.0,1206
7.1,0.2,0.36,11.6,0.042,45.0,124.0,1207
6.0,0.32,0.3,1.9,0.033,41.0,142.0,1208
6.9,0.29,0.4,19.45,0.043,36.0,156.0,1209
6.9,0.44,0.27,5.0,0.038,33.0,166.0,1210
6.4,0.28,0.43,7.1,0.045,60.0,221.0,1211
6.6,0.22,0.28,12.05,0.058,25.0,125.0,1212
5.4,0.265,0.28,7.8,0.052,27.0,91.0,1213
6.8,0.26,0.24,1.9,0.043,70.0,154.0,1214
8.2,0.26,0.33,2.6,0.053,11.0,71.0,1215
6.7,0.13,0.29,5.3,0.051,31.0,122.0,1216
6.1,0.14,0.25,1.3,0.047,37.0,173.0,1217
6.0,0.22,0.28,1.1,0.034,47.0,90.0,1218
5.9,0.17,0.29,3.1,0.03,32.0,123.0,1219
8.5,0.23,0.4,9.9,0.036,24.0,88.0,1220
7.6,0.36,0.48,13.5,0.038,44.0,116.0,1221
6.3,0.24,0.29,13.7,0.035,53.0,134.0,1222
6.6,0.17,0.28,1.1,0.034,55.0,108.0,1223
6.9,0.31,0.33,12.7,0.038,33.0,116.0,1224
7.0,0.17,0.37,5.7,0.025,29.0,111.0,1225
6.2,0.22,0.28,2.2,0.04,24.0,125.0,1226
4.9,0.235,0.27,11.75,0.03,34.0,118.0,1227
6.7,0.16,0.36,2.0,0.045,24.0,131.0,1228
6.7,0.24,0.41,9.4,0.04,49.0,166.0,1229
7.6,0.16,0.44,1.4,0.043,25.0,109.0,1230
6.8,0.32,0.33,0.7,0.027,15.0,66.0,1231
7.3,0.22,0.4,14.75,0.042,44.5,129.5,1232
6.1,0.25,0.24,12.1,0.046,51.0,172.0,1233
6.0,0.28,0.25,1.8,0.042,8.0,108.0,1234
6.4,0.31,0.39,7.5,0.04,57.0,213.0,1235
7.7,0.22,0.42,1.9,0.052,10.0,87.0,1236
6.7,0.35,0.32,9.0,0.032,29.0,113.0,1237
6.2,0.27,0.32,8.8,0.047,65.0,224.0,1238
6.0,0.19,0.37,9.7,0.032,17.0,50.0,1239
6.6,0.24,0.27,15.8,0.035,46.0,188.0,1240
5.9,0.2,0.4,1.3,0.047,23.0,92.0,1241
5.2,0.44,0.04,1.4,0.036,43.0,119.0,1242
7.1,0.21,0.27,8.6,0.056,26.0,111.0,1243
5.5,0.29,0.3,1.1,0.022,20.0,110.0,1244
7.0,0.36,0.35,2.5,0.048,67.0,161.0,1245
6.4,0.22,0.34,1.4,0.023,56.0,115.0,1246
7.0,0.21,0.28,8.6,0.045,37.0,221.0,1247
6.4,0.13,0.28,0.9,0.045,32.0,87.0,1248
6.6,0.37,0.47,6.5,0.061,23.0,150.0,1249
6.8,0.22,0.3,10.6,0.07,67.0,194.0,1250
5.6,0.41,0.24,1.9,0.034,10.0,53.0,1251
6.6,0.2,0.32,1.1,0.039,25.0,78.0,1252
6.7,0.11,0.26,14.8,0.053,44.0,95.0,1253
6.8,0.13,0.39,1.4,0.034,19.0,102.0,1254
6.9,0.18,0.3,2.0,0.038,39.0,190.0,1255
6.8,0.31,0.3,8.0,0.028,33.0,122.0,1256
7.0,0.16,0.3,2.6,0.043,34.0,90.0,1257
6.6,0.17,0.3,1.1,0.031,13.0,73.0,1258
7.1,0.26,0.19,8.2,0.051,53.0,187.0,1259
6.7,0.41,0.01,2.8,0.048,39.0,137.0,1260
8.2,0.17,0.32,1.5,0.05,17.0,101.0,1261
6.4,0.29,0.57,1.0,0.06,15.0,120.0,1262
7.0,0.25,0.56,2.0,0.035,20.0,95.0,1263
5.4,0.3,0.3,1.2,0.029,25.0,93.0,1264
7.4,0.16,0.3,13.7,0.056,33.0,168.0,1265
6.5,0.13,0.27,2.6,0.035,32.0,76.0,1266
7.2,0.3,0.3,8.7,0.022,14.0,111.0,1267
6.8,0.25,0.18,1.4,0.056,13.0,137.0,1268
7.2,0.23,0.19,13.7,0.052,47.0,197.0,1269
5.8,0.32,0.38,4.75,0.033,23.0,94.0,1270
5.4,0.29,0.38,1.2,0.029,31.0,132.0,1271
7.6,0.3,0.22,10.2,0.049,57.0,191.0,1272
6.0,0.22,0.23,5.0,0.045,10.0,122.0,1273
6.2,0.24,0.22,7.9,0.053,45.0,149.0,1274
8.8,0.35,0.49,1.0,0.036,14.0,56.0,1275
6.4,0.32,0.25,5.0,0.055,28.0,138.0,1276
6.0,0.395,0.0,1.4,0.042,7.0,55.0,1277
7.3,0.22,0.3,8.2,0.047,42.0,207.0,1278
6.9,0.32,0.26,2.3,0.03,11.0,103.0,1279
6.4,0.32,0.5,10.7,0.047,57.0,206.0,1280
6.6,0.4,0.3,5.3,0.038,20.0,125.0,1281
8.5,0.28,0.34,13.8,0.041,32.0,161.0,1282
6.2,0.45,0.26,4.4,0.063,63.0,206.0,1283
7.3,0.19,0.27,13.9,0.057,45.0,155.0,1284
8.2,0.35,0.4,6.3,0.039,35.0,162.0,1285
6.0,0.32,0.32,4.8,0.041,40.0,186.0,1286
7.4,0.19,0.31,14.5,0.045,39.0,193.0,1287
4.8,0.33,0.0,6.5,0.028,34.0,163.0,1288
6.6,0.17,0.28,1.8,0.042,62.0,178.0,1289
6.8,0.24,0.31,18.3,0.046,40.0,142.0,1290
7.7,0.25,0.49,2.5,0.047,31.0,169.0,1291
7.8,0.18,0.46,12.6,0.042,41.0,143.0,1292
7.0,0.28,0.33,14.6,0.043,47.0,168.0,1293
5.8,0.31,0.31,7.5,0.052,55.0,230.0,1294
6.7,0.21,0.34,1.5,0.035,45.0,123.0,1295
7.0,0.23,0.42,18.05,0.05,35.0,144.0,1296
7.8,0.28,0.49,1.3,0.046,27.0,142.0,1297
7.8,0.2,0.24,1.6,0.026,26.0,189.0,1298
6.6,0.23,0.2,11.4,0.044,45.0,131.0,1299
6.9,0.23,0.34,2.7,0.032,24.0,121.0,1300
7.3,0.33,0.4,6.85,0.038,32.0,138.0,1301
6.4,0.39,0.21,1.2,0.041,35.0,136.0,1302
7.6,0.445,0.44,14.5,0.045,68.0,212.0,1303
7.0,0.17,0.37,1.5,0.028,26.0,75.0,1304
7.3,0.25,0.36,13.1,0.05,35.0,200.0,1305
8.2,0.29,0.33,9.1,0.036,28.0,118.0,1306
6.0,0.26,0.33,4.35,0.04,15.0,80.0,1307
7.4,0.26,0.31,2.4,0.043,58.0,178.0,1308
7.5,0.305,0.38,1.4,0.047,30.0,95.0,1309
6.4,0.34,0.1,1.1,0.048,19.0,84.0,1310
7.0,0.22,0.39,2.1,0.055,39.0,198.0,1311
7.9,0.46,0.32,4.1,0.033,40.0,138.0,1312
6.9,0.31,0.32,1.2,0.024,20.0,166.0,1313
7.9,0.34,0.44,6.5,0.027,47.0,126.0,1314
6.9,0.28,0.37,9.1,0.037,16.0,76.0,1315
7.2,0.37,0.15,2.0,0.029,27.0,87.0,1316
7.4,0.16,0.3,13.7,0.056,33.0,168.0,1317
6.7,0.3,0.44,18.75,0.057,65.0,224.0,1318
5.8,0.24,0.44,3.5,0.029,5.0,109.0,1319
7.7,0.29,0.48,2.3,0.049,36.0,178.0,1320
5.8,0.36,0.26,3.3,0.038,40.0,153.0,1321
6.0,0.26,0.15,1.3,0.06,51.0,154.0,1322
6.4,0.23,0.35,4.6,0.039,43.0,147.0,1323
8.8,0.33,0.44,6.35,0.024,9.0,87.0,1324
6.1,0.32,0.37,1.8,0.051,13.0,200.0,1325
6.4,0.2,0.15,6.6,0.046,26.0,113.0,1326
7.1,0.15,0.34,5.3,0.034,33.0,104.0,1327
5.7,0.15,0.28,3.7,0.045,57.0,151.0,1328
6.8,0.18,0.3,12.8,0.062,19.0,171.0,1329
7.3,0.28,0.54,12.9,0.049,62.0,162.5,1330
5.7,0.28,0.28,2.2,0.019,15.0,65.0,1331
8.2,0.2,0.36,8.1,0.035,60.0,163.0,1332
7.6,0.38,0.2,3.4,0.046,9.0,116.0,1333
6.8,0.28,0.36,1.6,0.04,25.0,87.0,1334
7.5,0.19,0.4,7.1,0.056,50.0,110.0,1335
5.3,0.33,0.3,1.2,0.048,25.0,119.0,1336
6.7,0.23,0.42,11.2,0.047,52.0,171.0,1337
7.0,0.27,0.36,20.7,0.045,45.0,170.0,1338
8.1,0.29,0.49,7.1,0.042,22.0,124.0,1339
6.5,0.46,0.31,5.0,0.027,15.0,72.0,1340
7.1,0.29,0.49,1.2,0.031,32.0,99.0,1341
7.5,0.2,0.49,1.3,0.031,8.0,97.0,1342
8.2,0.23,0.37,1.3,0.042,39.0,117.0,1343
6.5,0.28,0.34,4.6,0.054,22.0,130.0,1344
7.2,0.27,0.31,1.2,0.031,27.0,80.0,1345
5.8,0.3,0.09,6.3,0.042,36.0,138.0,1346
6.9,0.21,0.33,1.8,0.034,48.0,136.0,1347
6.7,0.21,0.34,1.4,0.049,36.0,112.0,1348
7.1,0.31,0.47,13.6,0.056,54.0,197.0,1349
6.6,0.16,0.35,1.8,0.042,26.0,105.0,1350
7.5,0.2,0.41,1.2,0.05,26.0,131.0,1351
5.9,0.3,0.23,4.2,0.038,42.0,119.0,1352
5.7,0.22,0.22,16.65,0.044,39.0,110.0,1353
6.8,0.22,0.31,6.3,0.035,33.0,170.0,1354
7.3,0.26,0.53,12.7,0.047,60.5,164.5,1355
7.4,0.2,0.37,16.95,0.048,43.0,190.0,1356
6.4,0.3,0.27,5.0,0.058,27.0,151.0,1357
5.8,0.14,0.15,6.1,0.042,27.0,123.0,1358
6.6,0.39,0.39,11.9,0.057,51.0,221.0,1359
6.4,0.31,0.5,5.8,0.038,42.0,111.0,1360
6.3,0.18,0.36,1.2,0.034,26.0,111.0,1361
6.2,0.32,0.12,4.8,0.054,6.0,97.0,1362
6.2,0.2,0.26,9.7,0.03,39.0,102.0,1363
6.4,0.34,0.44,8.2,0.043,54.0,201.0,1364
5.8,0.22,0.3,1.1,0.047,36.0,131.0,1365
7.6,0.28,0.17,1.6,0.046,28.0,117.0,1366
5.8,0.27,0.22,12.7,0.058,42.0,206.0,1367
6.8,0.21,0.55,14.6,0.053,34.0,159.0,1368
8.6,0.27,0.46,6.1,0.032,13.0,41.0,1369
8.4,0.35,0.56,13.8,0.048,55.0,190.0,1370
6.2,0.35,0.04,1.2,0.06,23.0,108.0,1371
7.5,0.24,0.29,1.1,0.046,34.0,84.0,1372
6.4,0.38,0.19,4.5,0.038,36.0,119.0,1373
6.0,0.28,0.29,19.3,0.051,36.0,174.0,1374
7.4,0.27,0.48,1.1,0.047,17.0,132.0,1375
7.1,0.22,0.33,2.8,0.033,48.0,153.0,1376
7.4,0.16,0.3,1.4,0.064,34.0,166.0,1377
7.6,0.48,0.28,10.4,0.049,57.0,205.0,1378
6.9,0.22,0.32,9.3,0.04,22.0,110.0,1379
7.1,0.47,0.29,14.8,0.024,22.0,142.0,1380
7.8,0.27,0.28,1.8,0.05,21.0,127.0,1381
6.8,0.18,0.3,12.8,0.062,19.0,171.0,1382
8.1,0.12,0.49,1.2,0.042,43.0,160.0,1383
6.6,0.42,0.33,2.8,0.034,15.0,85.0,1384
7.0,0.35,0.17,1.1,0.049,7.0,119.0,1385
6.3,0.25,0.23,14.9,0.039,47.0,142.0,1386
8.1,0.27,0.33,1.3,0.045,26.0,100.0,1387
7.1,0.18,0.49,1.3,0.033,12.0,72.0,1388
6.2,0.21,0.29,1.6,0.039,24.0,92.0,1389
6.9,0.25,0.3,4.1,0.054,23.0,116.0,1390
6.9,0.27,0.25,7.5,0.03,18.0,117.0,1391
6.9,0.28,0.31,7.2,0.04,47.0,168.0,1392
6.8,0.18,0.28,8.7,0.047,52.0,242.0,1393
6.2,0.36,0.14,8.9,0.036,38.0,155.0,1394
5.6,0.29,0.05,0.8,0.038,11.0,30.0,1395
7.2,0.24,0.29,3.0,0.036,17.0,117.0,1396
7.0,0.28,0.32,1.7,0.038,27.0,128.0,1397
5.8,0.24,0.28,1.4,0.038,40.0,76.0,1398
6.6,0.22,0.29,14.4,0.046,39.0,118.0,1399
7.9,0.25,0.34,11.4,0.04,53.0,202.0,1400
8.1,0.29,0.49,7.1,0.042,22.0,124.0,1401
7.3,0.32,0.29,1.5,0.038,32.0,144.0,1402
6.4,0.31,0.28,2.5,0.039,34.0,137.0,1403
7.3,0.3,0.22,6.4,0.056,44.0,168.0,1404
7.1,0.3,0.36,6.8,0.055,44.5,234.0,1405
7.3,0.22,0.49,9.9,0.031,48.0,161.0,1406
5.8,0.15,0.49,1.1,0.048,21.0,98.0,1407
6.2,0.28,0.51,7.9,0.056,49.0,206.0,1408
6.3,0.32,0.17,17.75,0.06,51.0,190.0,1409
5.9,0.23,0.24,3.8,0.038,61.0,152.0,1410
8.6,0.23,0.46,1.0,0.054,9.0,72.0,1411
6.5,0.46,0.24,11.5,0.051,56.0,171.0,1412
6.4,0.17,0.27,9.9,0.047,26.0,101.0,1413
6.0,0.29,0.21,1.3,0.055,42.0,168.0,1414
6.4,0.25,0.53,6.6,0.038,59.0,234.0,1415
5.9,0.32,0.33,2.1,0.027,35.0,138.0,1416
8.4,0.22,0.3,1.3,0.038,45.0,122.0,1417
6.9,0.4,0.17,12.9,0.033,59.0,186.0,1418
6.1,0.17,0.28,2.5,0.028,22.0,98.0,1419
6.8,0.24,0.49,19.3,0.057,55.0,247.0,1420
7.1,0.3,0.49,1.6,0.045,31.0,100.0,1421
6.4,0.21,0.28,5.9,0.047,29.0,101.0,1422
7.7,0.25,0.3,7.8,0.038,67.0,196.0,1423
6.0,0.26,0.29,3.1,0.041,37.0,144.0,1424
6.0,0.26,0.32,3.8,0.029,48.0,180.0,1425
6.2,0.29,0.32,3.6,0.026,39.0,138.0,1426
7.4,0.33,0.26,2.6,0.04,29.0,115.0,1427
8.2,0.29,0.49,1.0,0.044,29.0,118.0,1428
6.6,0.22,0.34,11.6,0.05,59.0,140.0,1429
7.6,0.2,0.26,4.8,0.033,26.0,76.0,1430
6.6,0.23,0.2,11.4,0.044,45.0,131.0,1431
6.5,0.18,0.26,1.4,0.041,40.0,141.0,1432
8.0,0.25,0.27,9.7,0.036,15.0,85.0,1433
6.6,0.24,0.24,8.6,0.034,25.0,135.0,1434
7.8,0.15,0.34,1.1,0.035,31.0,93.0,1435
8.5,0.21,0.26,9.25,0.034,73.0,142.0,1436
6.4,0.25,0.37,4.5,0.039,41.0,147.0,1437
6.9,0.17,0.3,2.0,0.047,13.0,117.0,1438
7.1,0.2,0.31,7.4,0.053,32.0,211.0,1439
6.9,0.32,0.26,2.3,0.03,11.0,103.0,1440
6.9,0.28,0.3,1.6,0.047,46.0,132.0,1441
6.8,0.18,0.28,1.1,0.027,32.0,112.0,1442
6.2,0.26,0.29,2.0,0.036,16.0,87.0,1443
6.7,0.24,0.3,10.2,0.07,44.0,179.0,1444
6.2,0.12,0.26,5.7,0.044,56.0,158.0,1445
5.1,0.29,0.28,8.3,0.026,27.0,107.0,1446
8.2,0.2,0.49,3.5,0.057,14.0,108.0,1447
7.4,0.24,0.22,10.7,0.042,26.0,81.0,1448
6.8,0.26,0.43,11.75,0.045,53.0,198.0,1449
7.5,0.42,0.45,9.1,0.029,20.0,125.0,1450
6.1,0.27,0.31,3.9,0.034,42.0,137.0,1451
7.2,0.28,0.3,10.7,0.044,61.0,222.0,1452
7.4,0.25,0.37,13.5,0.06,52.0,192.0,1453
6.6,0.34,0.34,2.6,0.051,40.5,210.0,1454
6.2,0.46,0.25,4.4,0.066,62.0,207.0,1455
6.6,0.41,0.16,1.4,0.037,28.0,160.0,1456
6.9,0.32,0.16,1.4,0.051,15.0,96.0,1457
6.5,0.31,0.14,7.5,0.044,34.0,133.0,1458
7.7,0.3,0.34,1.2,0.048,4.0,119.0,1459
7.4,0.25,0.28,7.25,0.028,14.0,78.0,1460
5.9,0.26,0.29,5.4,0.046,34.0,116.0,1461
6.8,0.17,0.34,2.0,0.04,38.0,111.0,1462
6.4,0.25,0.57,1.0,0.062,21.0,122.0,1463
8.2,0.22,0.49,9.6,0.037,53.0,154.0,1464
5.6,0.33,0.28,1.2,0.031,33.0,97.0,1465
6.5,0.43,0.28,11.25,0.032,31.0,87.0,1466
5.6,0.39,0.24,4.7,0.034,27.0,77.0,1467
7.1,0.26,0.32,5.9,0.037,39.0,97.0,1468
6.0,0.17,0.29,9.7,0.044,33.0,98.0,1469
5.9,0.37,0.1,1.6,0.057,39.0,128.0,1470
6.4,0.16,0.44,1.2,0.051,39.0,122.0,1471
7.7,0.3,0.42,14.3,0.045,45.0,213.0,1472
6.0,0.28,0.52,6.2,0.028,37.0,104.0,1473
6.2,0.22,0.27,1.5,0.064,20.0,132.0,1474
5.5,0.24,0.45,1.7,0.046,22.0,113.0,1475
6.4,0.22,0.3,11.2,0.046,53.0,149.0,1476
6.2,0.21,0.24,1.2,0.051,31.0,95.0,1477
7.0,0.31,0.52,1.7,0.029,5.0,61.0,1478
6.4,0.21,0.44,7.4,0.045,47.0,182.0,1479
6.7,0.23,0.17,1.3,0.061,14.0,100.0,1480
8.3,0.21,0.4,1.6,0.032,35.0,110.0,1481
6.6,0.24,0.27,10.3,0.047,54.0,219.0,1482
6.2,0.3,0.33,3.5,0.037,37.0,155.0,1483
6.8,0.23,0.42,7.4,0.044,56.0,189.0,1484
6.8,0.18,0.3,12.8,0.062,19.0,171.0,1485
7.2,0.3,0.3,8.1,0.05,40.0,188.0,1486
6.0,0.26,0.18,7.0,0.055,50.0,194.0,1487
6.2,0.21,0.27,1.7,0.038,41.0,150.0,1488
5.8,0.33,0.2,16.05,0.047,26.0,166.0,1489
5.9,0.29,0.28,3.2,0.035,16.0,117.0,1490
6.8,0.22,0.41,6.7,0.034,39.0,116.0,1491
6.4,0.27,0.3,1.6,0.04,19.0,86.0,1492
6.7,0.31,0.18,7.7,0.043,57.0,200.0,1493
8.4,0.17,0.31,6.7,0.038,29.0,132.0,1494
7.0,0.34,0.3,1.8,0.045,44.0,142.0,1495
4.8,0.26,0.23,10.6,0.034,23.0,111.0,1496
6.0,0.37,0.32,1.0,0.053,31.0,218.5,1497
6.7,0.44,0.22,4.3,0.032,19.0,99.0,1498
7.4,0.28,0.36,14.6,0.048,35.0,161.0,1499
5.0,0.3,0.33,3.7,0.03,54.0,173.0,1500
6.1,0.21,0.38,1.5,0.039,37.0,122.0,1501
6.9,0.4,0.43,6.2,0.065,42.0,178.0,1502
7.1,0.29,0.3,16.0,0.036,58.0,201.0,1503
6.1,0.19,0.37,2.6,0.041,24.0,99.0,1504
6.1,0.31,0.37,8.4,0.031,70.0,170.0,1505
6.1,0.2,0.4,1.9,0.028,32.0,138.0,1506
7.5,0.26,0.31,1.6,0.032,36.0,109.0,1507
7.2,0.24,0.29,2.2,0.037,37.0,102.0,1508
7.3,0.25,0.29,7.5,0.049,38.0,158.0,1509
6.8,0.18,0.28,9.8,0.039,29.0,113.0,1510
6.7,0.21,0.32,5.4,0.047,29.0,140.0,1511
5.2,0.31,0.2,2.4,0.027,27.0,117.0,1512
6.4,0.32,0.26,7.9,0.05,53.0,180.0,1513
6.6,0.25,0.35,14.0,0.069,42.0,163.0,1514
6.0,0.19,0.26,1.4,0.039,30.0,104.0,1515
7.3,0.21,0.3,10.9,0.037,18.0,112.0,1516
7.4,0.32,0.55,16.6,0.056,53.0,238.0,1517
6.7,0.42,0.46,9.7,0.054,67.0,234.0,1518
6.5,0.33,0.32,1.0,0.041,39.0,120.0,1519
6.2,0.35,0.29,3.9,0.041,22.0,79.0,1520
6.6,0.22,0.28,4.9,0.042,51.0,180.0,1521
6.3,0.3,0.24,6.6,0.04,38.0,141.0,1522
5.3,0.4,0.25,3.9,0.031,45.0,130.0,1523
6.9,0.33,0.31,4.2,0.04,21.0,93.0,1524
6.1,0.34,0.46,4.7,0.029,21.0,94.0,1525
7.5,0.18,0.37,6.2,0.05,21.0,138.0,1526
7.4,0.19,0.3,12.8,0.053,48.5,212.0,1527
7.3,0.25,0.36,13.1,0.05,35.0,200.0,1528
5.6,0.46,0.24,4.8,0.042,24.0,72.0,1529
6.7,0.27,0.31,15.7,0.036,44.0,179.0,1530
7.4,0.38,0.34,8.3,0.052,44.0,168.0,1531
8.1,0.28,0.34,1.3,0.035,11.0,126.0,1532
6.7,0.33,0.36,6.6,0.042,34.0,116.0,1533
6.2,0.25,0.28,8.5,0.035,28.0,108.0,1534
7.7,0.31,0.36,4.3,0.026,15.0,87.0,1535
6.5,0.32,0.12,11.5,0.033,35.0,165.0,1536
6.8,0.28,0.29,11.9,0.052,51.0,149.0,1537
7.4,0.29,0.5,1.8,0.042,35.0,127.0,1538
6.4,0.17,0.27,1.5,0.037,20.0,98.0,1539
6.6,0.39,0.38,9.7,0.053,49.0,226.0,1540
6.9,0.37,0.23,9.5,0.057,54.0,166.0,1541
6.9,0.22,0.31,6.3,0.029,41.0,131.0,1542
5.0,0.235,0.27,11.75,0.03,34.0,118.0,1543
6.6,0.26,0.56,15.4,0.053,32.0,141.0,1544
6.8,0.31,0.32,7.6,0.052,35.0,143.0,1545
6.0,0.28,0.49,6.8,0.048,61.0,222.0,1546
7.6,0.31,0.49,3.95,0.044,27.0,131.0,1547
6.0,0.28,0.29,19.3,0.051,36.0,174.0,1548
7.9,0.19,0.26,2.1,0.039,8.0,143.0,1549
6.5,0.23,0.25,17.3,0.046,15.0,110.0,1550
7.0,0.31,0.31,9.1,0.036,45.0,140.0,1551
7.8,0.28,0.25,3.4,0.024,27.0,99.0,1552
7.8,0.32,0.33,2.4,0.037,18.0,101.0,1553
7.0,0.34,0.39,6.9,0.066,43.0,162.0,1554
6.5,0.22,0.32,2.2,0.028,36.0,92.0,1555
7.8,0.24,0.18,6.7,0.046,33.0,160.0,1556
6.2,0.3,0.31,1.6,0.035,40.0,106.0,1557
5.8,0.28,0.3,1.5,0.026,31.0,114.0,1558
7.7,0.24,0.27,1.8,0.051,52.0,190.0,1559
6.8,0.32,0.39,9.6,0.026,34.0,124.0,1560
6.5,0.21,0.4,7.3,0.041,49.0,115.0,1561
6.4,0.26,0.24,6.4,0.04,27.0,124.0,1562
7.1,0.25,0.28,1.2,0.04,31.0,111.0,1563
6.3,0.16,0.4,1.6,0.033,59.0,148.0,1564
6.2,0.25,0.39,1.3,0.051,42.0,135.0,1565
6.8,0.29,0.5,13.3,0.053,48.0,194.0,1566
6.0,0.29,0.25,1.4,0.033,30.0,114.0,1567
6.8,0.33,0.31,7.4,0.045,34.0,143.0,1568
6.4,0.33,0.28,4.0,0.04,24.0,81.0,1569
6.6,0.32,0.33,2.5,0.052,40.0,219.5,1570
6.9,0.4,0.56,11.2,0.043,40.0,142.0,1571
6.6,0.19,0.41,8.9,0.046,51.0,169.0,1572
6.7,0.15,0.38,1.7,0.037,20.0,84.0,1573
7.4,0.16,0.49,1.2,0.055,18.0,150.0,1574
6.9,0.25,0.26,5.2,0.024,36.0,135.0,1575
7.3,0.39,0.37,1.1,0.043,36.0,113.0,1576
6.1,0.19,0.37,2.6,0.041,24.0,99.0,1577
6.2,0.32,0.16,7.0,0.045,30.0,136.0,1578
6.1,0.17,0.42,15.1,0.033,28.0,124.0,1579
5.6,0.19,0.26,1.4,0.03,12.0,76.0,1580
6.9,0.3,0.21,7.2,0.045,54.0,190.0,1581
8.5,0.25,0.27,4.7,0.031,31.0,92.0,1582
7.9,0.3,0.27,8.5,0.036,20.0,112.0,1583
6.8,0.26,0.26,2.0,0.019,23.5,72.0,1584
6.5,0.28,0.34,9.9,0.038,30.0,133.0,1585
7.0,0.36,0.25,5.7,0.015,14.0,73.0,1586
6.7,0.25,0.36,8.6,0.037,63.0,206.0,1587
6.9,0.16,0.37,1.8,0.034,36.0,95.0,1588
5.9,0.14,0.2,1.6,0.04,26.0,114.0,1589
6.3,0.27,0.37,7.9,0.047,58.0,215.0,1590
5.1,0.23,0.18,1.0,0.053,13.0,99.0,1591
6.5,0.25,0.32,9.9,0.045,41.0,128.0,1592
6.5,0.26,0.31,1.3,0.034,59.0,145.0,1593
6.9,0.19,0.31,19.25,0.043,38.0,167.0,1594
6.8,0.26,0.32,7.0,0.041,38.0,118.0,1595
7.0,0.34,0.1,3.5,0.044,17.0,63.0,1596
8.8,0.27,0.25,5.0,0.024,52.0,99.0,1597
7.6,0.39,0.32,3.6,0.035,22.0,93.0,1598
6.5,0.22,0.5,16.4,0.048,36.0,182.0,1599
6.6,0.26,0.25,11.6,0.045,45.0,178.0,1600
7.2,0.32,0.4,8.7,0.038,45.0,154.0,1601
7.7,0.27,0.34,1.8,0.028,26.0,168.0,1602
6.3,0.33,0.2,5.8,0.04,24.0,144.0,1603
7.4,0.24,0.4,4.3,0.032,9.0,95.0,1604
6.8,0.33,0.31,7.4,0.045,34.0,143.0,1605
8.5,0.15,0.49,1.5,0.031,17.0,122.0,1606
5.8,0.26,0.24,9.2,0.044,55.0,152.0,1607
6.4,0.29,0.21,9.65,0.041,36.0,119.0,1608
7.4,0.16,0.32,1.4,0.065,23.0,140.0,1609
6.5,0.26,0.34,16.3,0.051,56.0,197.0,1610
6.9,0.37,0.28,13.8,0.031,34.0,137.0,1611
8.2,0.28,0.42,1.8,0.031,30.0,93.0,1612
6.7,0.15,0.32,7.9,0.034,17.0,81.0,1613
8.1,0.27,0.35,1.7,0.03,38.0,103.0,1614
7.6,0.13,0.34,9.3,0.062,40.0,126.0,1615
7.0,0.18,0.26,1.4,0.044,46.0,89.0,1616
6.5,0.33,0.28,6.1,0.018,41.0,103.0,1617
6.2,0.25,0.48,10.0,0.044,78.0,240.0,1618
6.2,0.29,0.26,13.1,0.046,55.0,204.0,1619
8.3,0.22,0.34,1.1,0.043,20.0,116.0,1620
6.3,0.17,0.32,4.2,0.04,37.0,117.0,1621
6.1,0.24,0.27,11.5,0.05,51.0,133.0,1622
6.1,0.41,0.0,1.6,0.063,36.0,87.0,1623
6.1,0.32,0.24,1.5,0.036,38.0,124.0,1624
7.3,0.3,0.33,2.3,0.043,28.0,125.0,1625
6.7,0.31,0.33,2.0,0.033,12.0,74.0,1626
7.8,0.2,0.2,1.4,0.036,25.0,83.0,1627
6.8,0.3,0.26,20.3,0.037,45.0,150.0,1628
6.8,0.26,0.29,16.95,0.056,48.0,179.0,1629
7.7,0.26,0.32,1.2,0.04,26.0,117.0,1630
7.1,0.21,0.3,1.4,0.037,45.0,143.0,1631
6.6,0.21,0.34,5.6,0.046,30.0,140.0,1632
8.0,0.17,0.29,2.4,0.029,52.0,119.0,1633
6.6,0.085,0.33,1.4,0.036,17.0,109.0,1634
7.0,0.16,0.26,7.3,0.047,30.0,220.0,1635
6.6,0.17,0.36,1.9,0.036,38.0,110.0,1636
7.3,0.36,0.54,13.3,0.054,63.0,193.0,1637
8.0,0.26,0.36,2.0,0.054,30.0,121.0,1638
6.9,0.33,0.26,5.0,0.027,46.0,143.0,1639
7.6,0.34,0.39,7.6,0.04,45.0,215.0,1640
7.0,0.22,0.26,9.2,0.027,37.0,122.0,1641
6.5,0.37,0.33,3.5,0.036,23.0,92.0,1642
7.6,0.32,0.36,1.6,0.04,32.0,155.0,1643
7.4,0.16,0.3,13.7,0.056,33.0,168.0,1644
6.8,0.39,0.34,7.4,0.02,38.0,133.0,1645
6.7,0.31,0.3,2.1,0.038,18.0,130.0,1646
6.5,0.33,0.3,3.8,0.036,34.0,88.0,1647
7.3,0.24,0.34,7.5,0.048,29.0,152.0,1648
6.6,0.435,0.38,9.2,0.058,66.0,243.0,1649
7.4,0.16,0.27,15.5,0.05,25.0,135.0,1650
7.1,0.18,0.26,1.3,0.041,20.0,71.0,1651
5.9,0.19,0.37,0.8,0.027,3.0,21.0,1652
7.7,0.12,0.32,1.4,0.06,47.0,150.0,1653
5.7,0.335,0.34,1.0,0.04,13.0,174.0,1654
7.8,0.28,0.34,1.6,0.028,32.0,118.0,1655
5.4,0.185,0.19,7.1,0.048,36.0,110.0,1656
5.8,0.39,0.47,7.5,0.027,12.0,88.0,1657
7.0,0.22,0.28,1.5,0.037,29.0,115.0,1658
6.8,0.23,0.39,16.1,0.053,71.0,194.0,1659
6.8,0.29,0.22,3.4,0.035,40.0,122.0,1660
7.1,0.25,0.49,3.0,0.03,30.0,96.0,1661
6.9,0.24,0.39,1.3,0.063,18.0,136.0,1662
5.8,0.19,0.49,4.9,0.04,44.0,118.0,1663
6.4,0.32,0.23,16.2,0.055,36.0,176.0,1664
6.7,0.11,0.34,8.8,0.043,41.0,113.0,1665
6.2,0.28,0.57,1.0,0.043,50.0,92.0,1666
6.7,0.24,0.32,9.0,0.023,20.0,109.0,1667
5.7,0.46,0.46,1.4,0.04,31.0,169.0,1668
6.4,0.24,0.27,1.5,0.04,35.0,105.0,1669
7.0,0.24,0.34,1.4,0.031,27.0,107.0,1670
6.8,0.3,0.35,2.8,0.038,10.0,164.0,1671
7.4,0.13,0.39,4.7,0.042,36.0,137.0,1672
6.8,0.35,0.44,6.5,0.056,31.0,161.0,1673
6.4,0.31,0.28,2.5,0.039,34.0,137.0,1674
7.6,0.25,0.34,1.3,0.056,34.0,176.0,1675
5.7,0.22,0.33,1.9,0.036,37.0,110.0,1676
7.7,0.3,0.34,1.2,0.048,4.0,119.0,1677
6.1,0.25,0.48,15.8,0.052,25.0,94.0,1678
7.8,0.19,0.32,7.4,0.015,47.0,124.0,1679
7.6,0.35,0.47,13.3,0.037,42.0,116.0,1680
7.2,0.23,0.38,14.3,0.058,55.0,194.0,1681
6.7,0.18,0.3,6.4,0.048,40.0,251.0,1682
6.3,0.34,0.33,4.6,0.034,19.0,80.0,1683
8.5,0.19,0.48,1.1,0.026,23.0,58.0,1684
6.3,0.34,0.27,2.5,0.024,40.0,152.0,1685
6.8,0.34,0.44,6.6,0.052,28.0,156.0,1686
5.8,0.345,0.15,10.8,0.033,26.0,120.0,1687
8.5,0.32,0.36,14.9,0.041,47.0,190.0,1688
6.8,0.27,0.22,8.1,0.034,55.0,203.0,1689
7.6,0.31,0.23,12.7,0.054,20.0,139.0,1690
8.0,0.25,0.13,17.2,0.036,49.0,219.0,1691
6.5,0.29,0.3,9.15,0.051,25.0,166.0,1692
5.7,0.32,0.18,1.4,0.029,26.0,104.0,1693
6.5,0.32,0.45,7.7,0.022,31.0,97.0,1694
6.5,0.28,0.29,2.7,0.038,26.0,107.0,1695
7.6,0.48,0.33,7.0,0.024,14.0,130.0,1696
5.9,0.26,0.25,12.5,0.034,38.0,152.0,1697
8.2,0.4,0.48,13.7,0.042,59.0,169.0,1698
5.8,0.29,0.15,1.1,0.029,12.0,83.0,1699
7.6,0.22,0.28,12.0,0.056,68.0,143.0,1700
6.0,0.32,0.3,1.9,0.033,41.0,142.0,1701
7.4,0.33,0.26,15.6,0.049,67.0,210.0,1702
7.1,0.26,0.29,12.4,0.044,62.0,240.0,1703
6.2,0.31,0.21,6.3,0.041,50.0,218.0,1704
7.3,0.19,0.27,13.9,0.057,45.0,155.0,1705
6.5,0.41,0.24,14.0,0.048,24.0,113.0,1706
5.2,0.25,0.23,1.4,0.047,20.0,77.0,1707
5.0,0.17,0.56,1.5,0.026,24.0,115.0,1708
7.2,0.26,0.24,7.0,0.023,19.0,130.0,1709
5.9,0.48,0.3,1.5,0.037,19.0,78.0,1710
6.7,0.42,0.39,12.1,0.04,61.0,248.0,1711
6.3,0.26,0.25,5.2,0.046,11.0,133.0,1712
8.1,0.17,0.21,1.6,0.036,24.0,119.0,1713
6.7,0.2,0.37,1.65,0.025,42.0,103.0,1714
6.8,0.22,0.36,1.2,0.052,38.0,127.0,1715
8.5,0.19,0.48,1.1,0.026,23.0,58.0,1716
7.0,0.16,0.36,2.6,0.029,28.0,98.0,1717
6.7,0.19,0.32,3.7,0.041,26.0,76.0,1718
7.0,0.15,0.38,2.2,0.047,33.0,96.0,1719
5.1,0.39,0.21,1.7,0.027,15.0,72.0,1720
7.2,0.4,0.49,1.1,0.048,11.0,138.0,1721
7.4,0.16,0.27,15.5,0.05,25.0,135.0,1722
7.3,0.23,0.37,1.8,0.032,60.0,156.0,1723
7.2,0.35,0.25,5.6,0.032,23.0,120.0,1724
6.6,0.26,0.46,7.8,0.047,48.0,186.0,1725
8.2,0.22,0.3,1.8,0.047,47.0,185.0,1726
6.9,0.3,0.25,3.3,0.041,26.0,124.0,1727
7.4,0.18,0.24,1.4,0.047,21.0,106.0,1728
5.4,0.255,0.33,1.2,0.051,29.0,122.0,1729
8.2,0.18,0.49,1.1,0.033,28.0,81.0,1730
7.8,0.29,0.22,9.5,0.056,44.0,213.0,1731
6.5,0.24,0.29,8.2,0.043,32.0,156.0,1732
8.2,0.27,0.43,1.6,0.035,31.0,128.0,1733
7.0,0.21,0.28,7.5,0.07,45.0,185.0,1734
6.4,0.24,0.29,11.4,0.051,32.0,166.0,1735
4.8,0.29,0.23,1.1,0.044,38.0,180.0,1736
6.0,0.34,0.24,5.4,0.06,23.0,126.0,1737
6.6,0.24,0.35,7.7,0.031,36.0,135.0,1738
6.5,0.29,0.31,1.7,0.035,24.0,79.0,1739
7.0,0.16,0.3,2.6,0.043,34.0,90.0,1740
7.0,0.32,0.29,7.6,0.025,35.0,124.0,1741
8.0,0.28,0.3,8.4,0.03,35.0,115.0,1742
8.6,0.16,0.49,7.3,0.043,9.0,63.0,1743
7.0,0.24,0.36,2.8,0.034,22.0,112.0,1744
6.6,0.21,0.29,5.35,0.029,43.0,106.0,1745
7.7,0.3,0.23,2.0,0.068,28.0,138.0,1746
5.3,0.31,0.38,10.5,0.031,53.0,140.0,1747
7.1,0.21,0.33,1.2,0.039,34.0,97.0,1748
7.0,0.35,0.31,1.8,0.069,15.0,162.0,1749
8.3,0.24,0.27,2.1,0.03,22.0,162.0,1750
6.0,0.35,0.51,1.2,0.029,10.0,102.0,1751
6.5,0.24,0.36,2.2,0.027,36.0,134.0,1752
6.2,0.36,0.45,10.4,0.06,22.0,184.0,1753
7.3,0.18,0.29,1.0,0.036,26.0,101.0,1754
7.6,0.27,0.52,3.2,0.043,28.0,152.0,1755
6.5,0.27,0.26,8.2,0.042,21.0,133.0,1756
6.9,0.18,0.38,8.1,0.049,44.0,176.0,1757
6.5,0.21,0.35,5.7,0.043,47.0,197.0,1758
6.8,0.22,0.35,17.5,0.039,38.0,153.0,1759
7.0,0.31,0.35,1.6,0.063,13.0,119.0,1760
7.6,0.3,0.38,2.1,0.043,10.0,98.0,1761
5.3,0.3,0.3,1.2,0.029,25.0,93.0,1762
7.8,0.28,0.34,1.6,0.028,32.0,118.0,1763
6.5,0.23,0.39,1.9,0.036,41.0,98.0,1764
6.0,0.36,0.16,6.3,0.036,36.0,191.0,1765
6.6,0.18,0.28,3.3,0.044,18.0,91.0,1766
7.6,0.28,0.39,1.9,0.052,23.0,116.0,1767
6.1,0.45,0.27,0.8,0.039,13.0,82.0,1768
7.4,0.25,0.36,13.2,0.067,53.0,178.0,1769
6.5,0.43,0.28,11.25,0.032,31.0,87.0,1770
7.1,0.32,0.34,14.5,0.039,46.0,150.0,1771
6.8,0.18,0.32,7.2,0.047,17.0,109.0,1772
6.3,0.2,0.19,12.3,0.048,54.0,145.0,1773
7.0,0.26,0.26,10.8,0.039,37.0,184.0,1774
8.0,0.25,0.35,1.1,0.054,13.0,136.0,1775
6.8,0.27,0.28,7.8,0.038,26.0,89.0,1776
7.6,0.38,0.28,4.2,0.029,7.0,112.0,1777
5.5,0.16,0.31,1.2,0.026,31.0,68.0,1778
6.6,0.24,0.38,8.0,0.042,56.0,187.0,1779
6.4,0.105,0.29,1.1,0.035,44.0,140.0,1780
7.6,0.34,0.39,7.6,0.04,45.0,215.0,1781
7.0,0.26,0.46,15.55,0.037,61.0,171.0,1782
8.0,0.3,0.49,9.4,0.046,47.0,188.0,1783
6.4,0.25,0.32,0.9,0.034,40.0,114.0,1784
6.3,0.13,0.42,1.1,0.043,63.0,146.0,1785
6.5,0.3,0.32,2.0,0.044,34.0,90.0,1786
6.8,0.23,0.33,1.9,0.047,20.0,101.0,1787
6.5,0.19,0.34,1.6,0.029,39.0,116.0,1788
6.3,0.34,0.29,6.2,0.046,29.0,227.0,1789
6.2,0.38,0.42,2.5,0.038,34.0,117.0,1790
7.2,0.32,0.24,5.6,0.033,23.0,120.0,1791
6.9,0.25,0.34,1.3,0.035,27.0,82.0,1792
6.8,0.3,0.35,2.8,0.038,10.0,164.0,1793
6.0,0.45,0.42,1.1,0.051,61.0,197.0,1794
7.4,0.25,0.36,2.05,0.05,31.0,100.0,1795
6.3,0.39,0.24,6.9,0.069,9.0,117.0,1796
7.9,0.2,0.34,1.2,0.04,29.0,118.0,1797
6.2,0.28,0.33,1.7,0.029,24.0,111.0,1798
8.0,0.24,0.48,6.8,0.047,13.0,134.0,1799
6.7,0.31,0.09,1.4,0.039,53.0,141.0,1800
6.9,0.25,0.27,9.05,0.039,37.0,128.0,1801
6.7,0.24,0.46,2.2,0.033,19.0,111.0,1802
6.6,0.26,0.46,6.9,0.047,59.0,183.0,1803
6.2,0.24,0.27,2.9,0.039,30.0,123.0,1804
6.4,0.42,0.19,9.3,0.043,28.0,145.0,1805
6.6,0.24,0.28,1.8,0.028,39.0,132.0,1806
7.8,0.18,0.46,13.6,0.052,38.0,118.0,1807
6.8,0.23,0.32,8.6,0.046,47.0,159.0,1808
7.2,0.24,0.36,2.0,0.029,21.0,63.0,1809
7.4,0.28,0.25,11.9,0.053,25.0,148.0,1810
4.9,0.335,0.14,1.3,0.036,69.0,168.0,1811
7.6,0.31,0.29,10.5,0.04,21.0,145.0,1812
7.5,0.38,0.56,9.7,0.055,15.0,170.0,1813
7.3,0.22,0.4,14.75,0.042,44.5,129.5,1814
6.6,0.33,0.31,1.3,0.02,29.0,89.0,1815
6.5,0.28,0.34,3.6,0.04,29.0,121.0,1816
7.0,0.23,0.36,7.1,0.028,31.0,104.0,1817
6.3,0.12,0.36,2.1,0.044,47.0,146.0,1818
6.6,0.35,0.35,6.0,0.063,31.0,150.0,1819
6.8,0.17,0.34,2.0,0.04,38.0,111.0,1820
8.4,0.23,0.32,1.3,0.048,59.0,113.0,1821
7.3,0.24,0.39,17.95,0.057,45.0,149.0,1822
8.0,0.2,0.36,1.2,0.032,21.0,78.0,1823
8.7,0.31,0.21,5.6,0.039,28.0,67.0,1824
6.1,0.28,0.16,1.3,0.06,36.0,126.0,1825
6.6,0.28,0.09,10.9,0.051,37.0,131.0,1826
7.2,0.18,0.31,1.1,0.045,20.0,73.0,1827
8.4,0.19,0.43,2.1,0.052,20.0,104.0,1828
7.4,0.45,0.32,7.1,0.044,17.0,117.0,1829
6.7,0.26,0.29,7.1,0.036,28.0,100.0,1830
8.3,0.18,0.3,1.1,0.033,20.0,57.0,1831
5.5,0.24,0.32,8.7,0.06,19.0,102.0,1832
6.2,0.2,0.26,1.1,0.047,42.0,119.0,1833
6.8,0.33,0.44,7.0,0.05,29.0,155.0,1834
6.4,0.23,0.35,10.3,0.042,54.0,140.0,1835
7.0,0.31,0.52,1.7,0.029,5.0,61.0,1836
7.2,0.18,0.45,4.4,0.046,57.0,166.0,1837
4.7,0.335,0.14,1.3,0.036,69.0,168.0,1838
6.9,0.32,0.13,7.8,0.042,11.0,117.0,1839
6.6,0.19,0.28,1.1,0.044,38.0,100.0,1840
7.2,0.43,0.24,6.7,0.058,40.0,163.0,1841
7.0,0.29,0.54,10.7,0.046,59.0,234.0,1842
8.3,0.14,0.34,1.1,0.042,7.0,47.0,1843
7.4,0.16,0.49,1.2,0.055,18.0,150.0,1844
6.1,0.105,0.31,1.3,0.037,55.0,145.0,1845
6.1,0.25,0.48,15.8,0.052,25.0,94.0,1846
7.9,0.18,0.33,1.2,0.033,20.0,72.0,1847
6.7,0.3,0.5,12.1,0.045,38.0,127.0,1848
7.1,0.12,0.3,3.1,0.018,15.0,37.0,1849
6.8,0.21,0.26,11.7,0.038,61.0,152.0,1850
6.6,0.22,0.23,17.3,0.047,37.0,118.0,1851
7.6,0.48,0.31,9.4,0.046,6.0,194.0,1852
6.5,0.29,0.31,1.7,0.035,24.0,79.0,1853
7.0,0.28,0.33,14.6,0.043,47.0,168.0,1854
6.8,0.27,0.29,4.6,0.046,6.0,88.0,1855
8.0,0.27,0.33,1.2,0.05,41.0,103.0,1856
6.8,0.19,0.32,7.6,0.049,37.0,107.0,1857
6.2,0.25,0.38,7.9,0.045,54.0,208.0,1858
6.7,0.31,0.32,14.5,0.038,6.0,79.0,1859
6.0,0.28,0.27,15.5,0.036,31.0,134.0,1860
7.0,0.16,0.32,8.3,0.045,38.0,126.0,1861
7.6,0.29,0.42,1.3,0.035,18.0,86.0,1862
6.6,0.3,0.25,8.0,0.036,21.0,124.0,1863
7.0,0.48,0.12,4.5,0.05,23.0,86.0,1864
6.6,0.37,0.24,2.0,0.064,23.0,120.0,1865
5.9,0.24,0.3,2.0,0.033,28.0,92.0,1866
5.0,0.44,0.04,18.6,0.039,38.0,128.0,1867
5.6,0.42,0.34,2.4,0.022,34.0,97.0,1868
7.7,0.26,0.4,1.1,0.042,9.0,60.0,1869
6.6,0.17,0.35,2.6,0.03,33.0,78.0,1870
8.0,0.32,0.36,4.6,0.042,56.0,178.0,1871
6.5,0.32,0.23,8.5,0.051,20.0,138.0,1872
7.4,0.21,0.27,7.3,0.031,41.0,144.0,1873
7.1,0.23,0.23,3.5,0.038,23.0,112.0,1874
7.6,0.15,0.4,1.3,0.036,24.0,112.0,1875
6.9,0.19,0.38,1.15,0.023,30.0,105.0,1876
6.7,0.47,0.29,4.75,0.034,29.0,134.0,1877
6.0,0.27,0.27,1.6,0.046,32.0,113.0,1878
7.5,0.18,0.39,1.9,0.054,23.0,91.0,1879
6.2,0.36,0.38,3.2,0.031,20.0,89.0,1880
8.0,0.28,0.42,7.1,0.045,41.0,169.0,1881
7.2,0.17,0.41,1.6,0.052,24.0,126.0,1882
7.1,0.26,0.49,2.2,0.032,31.0,113.0,1883
7.3,0.24,0.29,1.2,0.037,37.0,97.0,1884
6.5,0.27,0.4,10.0,0.039,74.0,227.0,1885
8.1,0.22,0.43,1.5,0.044,28.0,129.0,1886
5.6,0.19,0.31,2.7,0.027,11.0,100.0,1887
6.7,0.25,0.23,7.2,0.038,61.0,220.0,1888
7.3,0.27,0.37,9.7,0.042,36.0,130.0,1889
6.8,0.23,0.48,1.5,0.036,35.0,165.0,1890
5.6,0.19,0.27,0.9,0.04,52.0,103.0,1891
6.4,0.46,0.22,14.7,0.047,51.0,183.0,1892
8.0,0.14,0.33,1.2,0.045,71.0,162.0,1893
7.3,0.19,0.24,6.3,0.054,34.0,231.0,1894
6.7,0.4,0.22,8.8,0.052,24.0,113.0,1895
5.7,0.32,0.5,2.6,0.049,17.0,155.0,1896
7.0,0.28,0.28,1.4,0.039,12.0,83.0,1897
8.2,0.18,0.28,8.5,0.035,41.0,140.0,1898
7.2,0.23,0.39,2.3,0.033,29.0,102.0,1899
7.1,0.34,0.15,1.2,0.053,61.0,183.0,1900
6.6,0.29,0.29,1.8,0.036,38.0,102.0,1901
6.9,0.14,0.38,1.0,0.041,22.0,81.0,1902
6.7,0.41,0.24,5.4,0.035,33.0,115.0,1903
5.9,0.19,0.21,1.7,0.045,57.0,135.0,1904
7.1,0.2,0.31,7.4,0.053,32.0,211.0,1905
6.4,0.3,0.38,7.8,0.046,35.0,192.0,1906
6.7,0.26,0.3,1.8,0.043,25.0,121.0,1907
6.7,0.35,0.48,8.8,0.056,35.0,167.0,1908
7.6,0.21,0.35,1.2,0.041,7.0,106.0,1909
7.6,0.31,0.24,1.8,0.037,39.0,150.0,1910
7.4,0.3,0.32,1.7,0.03,23.0,128.0,1911
7.4,0.19,0.3,1.4,0.057,33.0,135.0,1912
7.2,0.34,0.2,5.8,0.062,52.0,203.0,1913
6.0,0.42,0.41,12.4,0.032,50.0,179.0,1914
6.6,0.25,0.3,1.6,0.046,32.0,134.0,1915
8.5,0.15,0.49,1.5,0.031,17.0,122.0,1916
7.3,0.16,0.35,1.5,0.036,29.0,108.0,1917
6.2,0.31,0.23,3.3,0.052,34.0,113.0,1918
7.6,0.17,0.45,11.2,0.054,56.0,137.0,1919
6.6,0.27,0.25,1.2,0.033,36.0,111.0,1920
5.7,0.21,0.32,0.9,0.038,38.0,121.0,1921
7.3,0.22,0.26,1.5,0.04,32.0,172.0,1922
5.7,0.29,0.16,7.9,0.044,48.0,197.0,1923
7.4,0.26,0.31,7.6,0.047,52.0,177.0,1924
8.0,0.22,0.31,5.6,0.049,24.0,97.0,1925
6.1,0.41,0.24,1.6,0.049,16.0,137.0,1926
6.6,0.25,0.41,7.4,0.043,29.0,151.0,1927
7.4,0.2,0.36,1.2,0.038,44.0,111.0,1928
6.6,0.25,0.51,8.0,0.047,61.0,189.0,1929
6.8,0.24,0.29,2.0,0.044,15.0,96.0,1930
6.9,0.2,0.5,10.0,0.036,78.0,167.0,1931
7.0,0.15,0.28,14.7,0.051,29.0,149.0,1932
6.4,0.22,0.56,14.5,0.055,27.0,159.0,1933
6.4,0.15,0.29,1.8,0.044,21.0,115.0,1934
7.1,0.26,0.34,14.4,0.067,35.0,189.0,1935
7.8,0.21,0.49,1.2,0.036,20.0,99.0,1936
7.4,0.15,0.42,1.7,0.045,49.0,154.0,1937
7.7,0.28,0.39,8.9,0.036,8.0,117.0,1938
6.8,0.18,0.35,5.4,0.054,53.0,143.0,1939
7.7,0.42,0.31,9.2,0.048,22.0,221.0,1940
5.8,0.31,0.32,4.5,0.024,28.0,94.0,1941
6.4,0.26,0.21,7.1,0.04,35.0,162.0,1942
7.7,0.39,0.49,7.7,0.036,11.0,110.0,1943
8.0,0.25,0.26,14.0,0.043,41.0,248.0,1944
6.8,0.22,0.35,5.5,0.043,21.0,114.0,1945
7.5,0.41,0.23,14.8,0.054,28.0,174.0,1946
6.9,0.21,0.49,1.4,0.041,15.0,164.0,1947
6.6,0.42,0.13,12.8,0.044,26.0,158.0,1948
6.1,0.38,0.42,5.0,0.016,31.0,113.0,1949
6.3,0.22,0.33,1.7,0.041,67.0,164.0,1950
7.1,0.16,0.25,1.3,0.034,28.0,123.0,1951
6.1,0.24,0.25,1.6,0.044,24.0,115.0,1952
6.9,0.29,0.23,8.6,0.056,56.0,215.0,1953
6.2,0.18,0.49,4.5,0.047,17.0,90.0,1954
7.0,0.21,0.28,8.7,0.045,37.0,222.0,1955
7.3,0.33,0.22,1.4,0.041,40.0,177.0,1956
7.4,0.19,0.31,14.5,0.045,39.0,193.0,1957
6.9,0.29,0.25,12.2,0.04,29.0,136.0,1958
6.2,0.2,0.32,2.8,0.05,17.0,126.0,1959
7.9,0.22,0.45,14.2,0.038,53.0,141.0,1960
7.8,0.25,0.37,1.0,0.043,10.0,80.0,1961
6.9,0.23,0.32,16.4,0.045,62.0,153.0,1962
6.4,0.31,0.4,6.4,0.039,39.0,191.0,1963
7.2,0.2,0.31,10.0,0.054,49.0,165.0,1964
6.8,0.35,0.53,10.1,0.053,37.0,151.0,1965
7.5,0.38,0.5,12.8,0.042,57.0,184.0,1966
6.4,0.22,0.32,7.2,0.028,15.0,83.0,1967
8.5,0.3,0.28,3.1,0.054,54.0,174.0,1968
7.0,0.46,0.39,6.2,0.039,46.0,163.0,1969
7.0,0.2,0.49,5.9,0.038,39.0,128.0,1970
6.5,0.315,0.2,6.6,0.041,9.0,126.0,1971
6.8,0.21,0.36,18.1,0.046,32.0,133.0,1972
6.3,0.37,0.28,6.3,0.034,45.0,152.0,1973
6.0,0.27,0.26,1.3,0.038,32.0,138.0,1974
7.0,0.17,0.36,6.4,0.055,42.0,123.0,1975
7.3,0.19,0.27,13.9,0.057,45.0,155.0,1976
6.7,0.34,0.26,1.9,0.038,58.0,138.0,1977
7.7,0.28,0.33,6.7,0.037,32.0,155.0,1978
6.1,0.25,0.49,7.6,0.052,67.0,226.0,1979
7.0,0.44,0.24,12.1,0.056,68.0,210.0,1980
6.7,0.27,0.33,3.6,0.034,9.0,45.0,1981
6.8,0.36,0.24,4.6,0.039,24.0,124.0,1982
8.4,0.22,0.28,18.8,0.028,55.0,130.0,1983
6.6,0.32,0.47,15.6,0.063,27.0,173.0,1984
5.0,0.33,0.18,4.6,0.032,40.0,124.0,1985
5.9,0.22,0.18,6.4,0.041,28.0,120.0,1986
7.4,0.19,0.3,12.8,0.053,48.5,229.0,1987
8.0,0.45,0.28,10.8,0.051,25.0,157.0,1988
8.2,0.2,0.38,3.5,0.053,41.0,174.0,1989
6.4,0.31,0.31,12.9,0.045,55.0,161.0,1990
8.7,0.22,0.42,2.3,0.053,27.0,114.0,1991
8.2,0.27,0.39,7.8,0.039,49.0,208.0,1992
5.9,0.3,0.47,7.85,0.03,19.0,133.0,1993
6.9,0.22,0.32,5.8,0.041,20.0,119.0,1994
7.6,0.17,0.35,1.6,0.047,43.0,154.0,1995
7.5,0.33,0.39,12.4,0.065,29.0,119.0,1996
8.1,0.28,0.4,6.9,0.05,30.0,97.0,1997
7.2,0.3,0.26,1.5,0.041,46.0,178.0,1998
7.1,0.31,0.17,1.0,0.042,21.0,144.0,1999
6.7,0.31,0.3,2.4,0.038,30.0,83.0,2000
6.2,0.19,0.38,5.1,0.019,22.0,82.0,2001
6.7,0.24,0.33,12.3,0.046,31.0,145.0,2002
6.6,0.36,0.29,1.6,0.021,24.0,85.0,2003
8.4,0.27,0.46,8.7,0.048,39.0,197.0,2004
6.0,0.29,0.41,10.8,0.048,55.0,149.0,2005
8.1,0.33,0.36,7.4,0.037,36.0,156.0,2006
6.5,0.33,0.28,6.1,0.018,41.0,103.0,2007
6.5,0.18,0.41,14.2,0.039,47.0,129.0,2008
7.3,0.28,0.54,12.9,0.049,62.0,152.0,2009
6.6,0.22,0.53,15.1,0.052,22.0,136.0,2010
6.7,0.31,0.44,6.7,0.054,29.0,160.0,2011
7.4,0.19,0.31,14.5,0.045,39.0,193.0,2012
7.5,0.29,0.31,8.95,0.055,20.0,151.0,2013
6.1,0.23,0.27,9.8,0.055,74.0,134.0,2014
6.9,0.44,0.42,8.5,0.048,10.0,147.0,2015
4.8,0.34,0.0,6.5,0.028,33.0,163.0,2016
6.2,0.3,0.42,2.2,0.036,28.0,128.0,2017
7.1,0.37,0.3,6.2,0.04,49.0,139.0,2018
6.4,0.23,0.35,10.3,0.042,54.0,140.0,2019
6.2,0.32,0.32,2.2,0.036,15.0,70.0,2020
6.4,0.145,0.49,5.4,0.048,54.0,164.0,2021
5.9,0.27,0.29,11.4,0.036,31.0,115.0,2022
7.9,0.28,0.41,2.0,0.044,50.0,152.0,2023
5.0,0.33,0.16,1.5,0.049,10.0,97.0,2024
6.8,0.18,0.3,12.8,0.062,19.0,171.0,2025
7.8,0.26,0.31,3.6,0.025,22.0,100.0,2026
6.6,0.325,0.49,7.7,0.049,53.0,217.0,2027
6.1,0.34,0.46,4.7,0.029,21.0,94.0,2028
7.1,0.31,0.25,11.2,0.048,32.0,136.0,2029
7.4,0.25,0.37,13.5,0.06,52.0,192.0,2030
6.0,0.33,0.2,1.8,0.031,49.0,159.0,2031
8.1,0.34,0.28,7.5,0.04,70.0,230.0,2032
7.4,0.19,0.31,14.5,0.045,39.0,193.0,2033
6.7,0.36,0.26,7.9,0.034,39.0,123.0,2034
7.7,0.28,0.35,15.3,0.056,31.0,117.0,2035
5.7,0.22,0.28,1.3,0.027,26.0,101.0,2036
